date,market_location,commodity,min_price_pkr_per_40kg,max_price_pkr_per_40kg,avg_price_pkr_per_40kg,demand_status
2024-01-01,Lahore,Wheat,1714,2196,1955,Medium
2024-01-01,Lahore,Rice,1393,1835,1614,High
2024-01-01,Lahore,Maize,1264,1570,1417,Low
2024-01-01,Lahore,Sugarcane,2231,2989,2610,Low
2024-01-01,Lahore,Cotton,2213,2592,2402,High
2024-01-01,Lahore,Vegetables,2277,3073,2675,Low
2024-01-01,Multan,Wheat,1345,2040,1692,Low
2024-01-01,Multan,Rice,2134,2489,2311,Low
2024-01-01,Multan,Maize,2197,2491,2344,High
2024-01-01,Multan,Sugarcane,2311,2539,2425,High
2024-01-01,Multan,Cotton,1534,2068,1801,Medium
2024-01-01,Multan,Vegetables,1214,1625,1419,Low
2024-01-01,Faisalabad,Wheat,1198,1643,1420,Low
2024-01-01,Faisalabad,Rice,2177,2513,2345,Low
2024-01-01,Faisalabad,Maize,2023,2465,2244,High
2024-01-01,Faisalabad,Sugarcane,1641,2056,1848,Medium
2024-01-01,Faisalabad,Cotton,2175,2522,2348,Low
2024-01-01,Faisalabad,Vegetables,1884,2631,2257,Medium
2024-01-01,Karachi,Wheat,2447,2944,2695,High
2024-01-01,Karachi,Rice,2008,2521,2264,Medium
2024-01-01,Karachi,Maize,1769,2120,1944,Medium
2024-01-01,Karachi,Sugarcane,2097,2604,2350,Low
2024-01-01,Karachi,Cotton,1851,2582,2216,Low
2024-01-01,Karachi,Vegetables,2186,2979,2582,High
2024-01-01,Peshawar,Wheat,1329,1979,1654,High
2024-01-01,Peshawar,Rice,1394,2090,1742,High
2024-01-01,Peshawar,Maize,1624,2327,1975,Medium
2024-01-01,Peshawar,Sugarcane,2443,2666,2554,Medium
2024-01-01,Peshawar,Cotton,1742,2341,2041,Low
2024-01-01,Peshawar,Vegetables,1215,1836,1525,Medium
2024-01-01,Quetta,Wheat,1433,2208,1820,Low
2024-01-01,Quetta,Rice,1899,2585,2242,High
2024-01-01,Quetta,Maize,1413,1719,1566,High
2024-01-01,Quetta,Sugarcane,1196,1958,1577,Low
2024-01-01,Quetta,Cotton,1505,2081,1793,Medium
2024-01-01,Quetta,Vegetables,2476,2937,2706,High
2024-01-08,Lahore,Wheat,1538,1862,1700,Medium
2024-01-08,Lahore,Rice,2038,2316,2177,Low
2024-01-08,Lahore,Maize,1864,2473,2168,Medium
2024-01-08,Lahore,Sugarcane,1803,2421,2112,Medium
2024-01-08,Lahore,Cotton,1436,1801,1618,High
2024-01-08,Lahore,Vegetables,1046,1463,1254,Low
2024-01-08,Multan,Wheat,2034,2647,2340,High
2024-01-08,Multan,Rice,2159,2713,2436,Medium
2024-01-08,Multan,Maize,1783,2297,2040,Low
2024-01-08,Multan,Sugarcane,1994,2482,2238,Medium
2024-01-08,Multan,Cotton,1892,2261,2076,Medium
2024-01-08,Multan,Vegetables,1530,1757,1643,Low
2024-01-08,Faisalabad,Wheat,1944,2443,2193,Low
2024-01-08,Faisalabad,Rice,2151,2480,2315,Low
2024-01-08,Faisalabad,Maize,1138,1782,1460,Low
2024-01-08,Faisalabad,Sugarcane,1633,2104,1868,High
2024-01-08,Faisalabad,Cotton,1304,1546,1425,High
2024-01-08,Faisalabad,Vegetables,2032,2432,2232,High
2024-01-08,Karachi,Wheat,1078,1617,1347,Low
2024-01-08,Karachi,Rice,1459,1972,1715,High
2024-01-08,Karachi,Maize,2084,2864,2474,Medium
2024-01-08,Karachi,Sugarcane,2045,2351,2198,Low
2024-01-08,Karachi,Cotton,1986,2670,2328,High
2024-01-08,Karachi,Vegetables,1201,1643,1422,High
2024-01-08,Peshawar,Wheat,2048,2554,2301,Medium
2024-01-08,Peshawar,Rice,1541,2143,1842,High
2024-01-08,Peshawar,Maize,1507,1904,1705,Medium
2024-01-08,Peshawar,Sugarcane,1373,2124,1748,Medium
2024-01-08,Peshawar,Cotton,2114,2324,2219,Low
2024-01-08,Peshawar,Vegetables,2032,2241,2136,High
2024-01-08,Quetta,Wheat,1915,2679,2297,High
2024-01-08,Quetta,Rice,2189,2956,2572,Medium
2024-01-08,Quetta,Maize,2161,2568,2364,Low
2024-01-08,Quetta,Sugarcane,1605,2078,1841,Medium
2024-01-08,Quetta,Cotton,2129,2594,2361,Medium
2024-01-08,Quetta,Vegetables,2440,2990,2715,High
2024-01-15,Lahore,Wheat,1430,1830,1630,Medium
2024-01-15,Lahore,Rice,2216,2699,2457,Medium
2024-01-15,Lahore,Maize,2168,2523,2345,Low
2024-01-15,Lahore,Sugarcane,1666,1968,1817,Low
2024-01-15,Lahore,Cotton,2021,2541,2281,Medium
2024-01-15,Lahore,Vegetables,1492,2038,1765,High
2024-01-15,Multan,Wheat,2378,3067,2722,Medium
2024-01-15,Multan,Rice,2364,2908,2636,Medium
2024-01-15,Multan,Maize,2026,2422,2224,High
2024-01-15,Multan,Sugarcane,2237,2486,2361,Medium
2024-01-15,Multan,Cotton,1424,1704,1564,Low
2024-01-15,Multan,Vegetables,2272,2764,2518,Low
2024-01-15,Faisalabad,Wheat,2283,3063,2673,Medium
2024-01-15,Faisalabad,Rice,1113,1521,1317,High
2024-01-15,Faisalabad,Maize,2479,2788,2633,Medium
2024-01-15,Faisalabad,Sugarcane,2285,2486,2385,Medium
2024-01-15,Faisalabad,Cotton,1242,1866,1554,High
2024-01-15,Faisalabad,Vegetables,2069,2284,2176,Medium
2024-01-15,Karachi,Wheat,1678,2247,1962,Low
2024-01-15,Karachi,Rice,2250,3032,2641,Medium
2024-01-15,Karachi,Maize,2131,2883,2507,High
2024-01-15,Karachi,Sugarcane,2205,2539,2372,High
2024-01-15,Karachi,Cotton,2444,2703,2573,Low
2024-01-15,Karachi,Vegetables,1771,2201,1986,Medium
2024-01-15,Peshawar,Wheat,1931,2166,2048,Medium
2024-01-15,Peshawar,Rice,1640,1998,1819,Medium
2024-01-15,Peshawar,Maize,1027,1792,1409,Medium
2024-01-15,Peshawar,Sugarcane,2049,2640,2344,High
2024-01-15,Peshawar,Cotton,2245,2473,2359,Medium
2024-01-15,Peshawar,Vegetables,1682,2254,1968,Low
2024-01-15,Quetta,Wheat,1603,2303,1953,High
2024-01-15,Quetta,Rice,1035,1240,1137,High
2024-01-15,Quetta,Maize,2415,2623,2519,Medium
2024-01-15,Quetta,Sugarcane,1431,1662,1546,Low
2024-01-15,Quetta,Cotton,1202,1924,1563,Medium
2024-01-15,Quetta,Vegetables,2045,2341,2193,High
2024-01-22,Lahore,Wheat,1902,2226,2064,Low
2024-01-22,Lahore,Rice,1096,1334,1215,Medium
2024-01-22,Lahore,Maize,1774,2222,1998,High
2024-01-22,Lahore,Sugarcane,1836,2154,1995,High
2024-01-22,Lahore,Cotton,2012,2474,2243,Low
2024-01-22,Lahore,Vegetables,2496,3190,2843,High
2024-01-22,Multan,Wheat,2453,2681,2567,Medium
2024-01-22,Multan,Rice,1144,1418,1281,High
2024-01-22,Multan,Maize,1734,2281,2007,Low
2024-01-22,Multan,Sugarcane,2320,2880,2600,High
2024-01-22,Multan,Cotton,2392,2808,2600,High
2024-01-22,Multan,Vegetables,2492,2977,2734,Low
2024-01-22,Faisalabad,Wheat,2006,2216,2111,High
2024-01-22,Faisalabad,Rice,1113,1346,1229,Medium
2024-01-22,Faisalabad,Maize,1868,2070,1969,Medium
2024-01-22,Faisalabad,Sugarcane,2137,2849,2493,Medium
2024-01-22,Faisalabad,Cotton,1812,2333,2072,High
2024-01-22,Faisalabad,Vegetables,1849,2068,1958,High
2024-01-22,Karachi,Wheat,2065,2619,2342,Medium
2024-01-22,Karachi,Rice,1736,2437,2086,High
2024-01-22,Karachi,Maize,2409,2644,2526,Low
2024-01-22,Karachi,Sugarcane,2120,2709,2414,Low
2024-01-22,Karachi,Cotton,2422,2641,2531,Medium
2024-01-22,Karachi,Vegetables,1337,1613,1475,Low
2024-01-22,Peshawar,Wheat,1494,1916,1705,Low
2024-01-22,Peshawar,Rice,1069,1731,1400,High
2024-01-22,Peshawar,Maize,2241,2758,2499,Low
2024-01-22,Peshawar,Sugarcane,2303,3006,2654,Low
2024-01-22,Peshawar,Cotton,2062,2734,2398,Medium
2024-01-22,Peshawar,Vegetables,1445,1774,1609,Low
2024-01-22,Quetta,Wheat,1012,1577,1294,High
2024-01-22,Quetta,Rice,1809,2435,2122,Low
2024-01-22,Quetta,Maize,2402,2654,2528,Medium
2024-01-22,Quetta,Sugarcane,2238,2554,2396,High
2024-01-22,Quetta,Cotton,1054,1625,1339,High
2024-01-22,Quetta,Vegetables,1547,2128,1837,High
2024-01-29,Lahore,Wheat,1512,1785,1648,Low
2024-01-29,Lahore,Rice,1883,2132,2007,Medium
2024-01-29,Lahore,Maize,1243,1803,1523,Medium
2024-01-29,Lahore,Sugarcane,1695,1948,1821,Medium
2024-01-29,Lahore,Cotton,2442,2668,2555,Medium
2024-01-29,Lahore,Vegetables,1002,1745,1373,Medium
2024-01-29,Multan,Wheat,1960,2465,2212,Medium
2024-01-29,Multan,Rice,1454,1907,1680,High
2024-01-29,Multan,Maize,1506,1721,1613,Low
2024-01-29,Multan,Sugarcane,1205,1715,1460,Low
2024-01-29,Multan,Cotton,2421,2746,2583,High
2024-01-29,Multan,Vegetables,1305,1835,1570,Medium
2024-01-29,Faisalabad,Wheat,1842,2449,2145,Medium
2024-01-29,Faisalabad,Rice,2137,2937,2537,Low
2024-01-29,Faisalabad,Maize,1750,2162,1956,Low
2024-01-29,Faisalabad,Sugarcane,1726,1933,1829,Low
2024-01-29,Faisalabad,Cotton,1961,2232,2096,Medium
2024-01-29,Faisalabad,Vegetables,1968,2474,2221,High
2024-01-29,Karachi,Wheat,1126,1708,1417,High
2024-01-29,Karachi,Rice,1075,1296,1185,Medium
2024-01-29,Karachi,Maize,2330,2710,2520,Medium
2024-01-29,Karachi,Sugarcane,1845,2137,1991,High
2024-01-29,Karachi,Cotton,1611,2020,1815,Medium
2024-01-29,Karachi,Vegetables,1130,1379,1254,Medium
2024-01-29,Peshawar,Wheat,1503,2281,1892,Medium
2024-01-29,Peshawar,Rice,1224,1467,1345,High
2024-01-29,Peshawar,Maize,1115,1739,1427,High
2024-01-29,Peshawar,Sugarcane,1450,1988,1719,Low
2024-01-29,Peshawar,Cotton,1413,1767,1590,Medium
2024-01-29,Peshawar,Vegetables,2065,2545,2305,High
2024-01-29,Quetta,Wheat,1174,1552,1363,Medium
2024-01-29,Quetta,Rice,1851,2071,1961,Low
2024-01-29,Quetta,Maize,2421,2671,2546,Low
2024-01-29,Quetta,Sugarcane,1526,1840,1683,High
2024-01-29,Quetta,Cotton,1957,2248,2102,Medium
2024-01-29,Quetta,Vegetables,2403,2977,2690,Low
2024-02-05,Lahore,Wheat,1413,1945,1679,Medium
2024-02-05,Lahore,Rice,1354,1957,1655,High
2024-02-05,Lahore,Maize,1485,2174,1829,Medium
2024-02-05,Lahore,Sugarcane,2201,2847,2524,Low
2024-02-05,Lahore,Cotton,2226,2468,2347,Low
2024-02-05,Lahore,Vegetables,1709,2174,1941,Low
2024-02-05,Multan,Wheat,2500,3130,2815,Low
2024-02-05,Multan,Rice,1748,2176,1962,Medium
2024-02-05,Multan,Maize,1864,2581,2222,High
2024-02-05,Multan,Sugarcane,1860,2640,2250,High
2024-02-05,Multan,Cotton,1981,2629,2305,Medium
2024-02-05,Multan,Vegetables,1863,2138,2000,Medium
2024-02-05,Faisalabad,Wheat,2430,2993,2711,High
2024-02-05,Faisalabad,Rice,1683,2198,1940,High
2024-02-05,Faisalabad,Maize,1557,2082,1819,High
2024-02-05,Faisalabad,Sugarcane,1339,1723,1531,High
2024-02-05,Faisalabad,Cotton,1101,1868,1484,High
2024-02-05,Faisalabad,Vegetables,2470,2836,2653,Low
2024-02-05,Karachi,Wheat,1396,1864,1630,High
2024-02-05,Karachi,Rice,1409,1662,1535,High
2024-02-05,Karachi,Maize,2022,2376,2199,Low
2024-02-05,Karachi,Sugarcane,1827,2342,2084,Medium
2024-02-05,Karachi,Cotton,1476,2275,1875,Medium
2024-02-05,Karachi,Vegetables,2110,2717,2413,Low
2024-02-05,Peshawar,Wheat,1098,1568,1333,Medium
2024-02-05,Peshawar,Rice,2132,2555,2343,Low
2024-02-05,Peshawar,Maize,2119,2825,2472,Medium
2024-02-05,Peshawar,Sugarcane,2344,3093,2718,High
2024-02-05,Peshawar,Cotton,2475,2928,2701,Medium
2024-02-05,Peshawar,Vegetables,1535,1988,1761,Medium
2024-02-05,Quetta,Wheat,1073,1611,1342,High
2024-02-05,Quetta,Rice,1152,1828,1490,High
2024-02-05,Quetta,Maize,2254,2509,2381,High
2024-02-05,Quetta,Sugarcane,1227,1891,1559,Medium
2024-02-05,Quetta,Cotton,1907,2545,2226,High
2024-02-05,Quetta,Vegetables,1451,1931,1691,High
2024-02-12,Lahore,Wheat,2358,2607,2482,Low
2024-02-12,Lahore,Rice,1017,1436,1226,High
2024-02-12,Lahore,Maize,1891,2541,2216,High
2024-02-12,Lahore,Sugarcane,1667,2157,1912,High
2024-02-12,Lahore,Cotton,1192,1671,1431,Medium
2024-02-12,Lahore,Vegetables,1693,2113,1903,Low
2024-02-12,Multan,Wheat,1074,1639,1356,High
2024-02-12,Multan,Rice,1153,1358,1255,Low
2024-02-12,Multan,Maize,2064,2738,2401,Low
2024-02-12,Multan,Sugarcane,1661,2387,2024,High
2024-02-12,Multan,Cotton,1403,1676,1539,Medium
2024-02-12,Multan,Vegetables,2025,2436,2230,Low
2024-02-12,Faisalabad,Wheat,1347,1809,1578,Low
2024-02-12,Faisalabad,Rice,1382,2015,1698,High
2024-02-12,Faisalabad,Maize,1745,2403,2074,Low
2024-02-12,Faisalabad,Sugarcane,2466,3034,2750,High
2024-02-12,Faisalabad,Cotton,1656,2097,1876,High
2024-02-12,Faisalabad,Vegetables,1722,2239,1980,High
2024-02-12,Karachi,Wheat,2336,2715,2525,High
2024-02-12,Karachi,Rice,1712,2118,1915,Medium
2024-02-12,Karachi,Maize,2256,2942,2599,Low
2024-02-12,Karachi,Sugarcane,2055,2801,2428,High
2024-02-12,Karachi,Cotton,1349,1791,1570,Low
2024-02-12,Karachi,Vegetables,1804,2227,2015,Low
2024-02-12,Peshawar,Wheat,2075,2425,2250,Medium
2024-02-12,Peshawar,Rice,2334,2709,2521,High
2024-02-12,Peshawar,Maize,1304,2011,1657,Medium
2024-02-12,Peshawar,Sugarcane,1867,2323,2095,Medium
2024-02-12,Peshawar,Cotton,2086,2568,2327,Medium
2024-02-12,Peshawar,Vegetables,2312,3083,2697,Medium
2024-02-12,Quetta,Wheat,1652,2278,1965,Low
2024-02-12,Quetta,Rice,2246,2725,2485,Medium
2024-02-12,Quetta,Maize,2037,2303,2170,High
2024-02-12,Quetta,Sugarcane,1598,2092,1845,Medium
2024-02-12,Quetta,Cotton,1487,1975,1731,Medium
2024-02-12,Quetta,Vegetables,1405,2081,1743,High
2024-02-19,Lahore,Wheat,2005,2320,2162,Low
2024-02-19,Lahore,Rice,1896,2289,2092,Medium
2024-02-19,Lahore,Maize,1536,1761,1648,High
2024-02-19,Lahore,Sugarcane,2193,2985,2589,Medium
2024-02-19,Lahore,Cotton,1572,2210,1891,Medium
2024-02-19,Lahore,Vegetables,1652,2248,1950,Low
2024-02-19,Multan,Wheat,1374,1909,1641,High
2024-02-19,Multan,Rice,2289,2859,2574,Low
2024-02-19,Multan,Maize,1146,1397,1271,High
2024-02-19,Multan,Sugarcane,1203,1889,1546,High
2024-02-19,Multan,Cotton,2110,2879,2494,Medium
2024-02-19,Multan,Vegetables,2457,2798,2627,Low
2024-02-19,Faisalabad,Wheat,2129,2389,2259,High
2024-02-19,Faisalabad,Rice,1504,1712,1608,Medium
2024-02-19,Faisalabad,Maize,1324,1792,1558,Medium
2024-02-19,Faisalabad,Sugarcane,1916,2239,2077,Low
2024-02-19,Faisalabad,Cotton,1358,1600,1479,High
2024-02-19,Faisalabad,Vegetables,1936,2507,2221,Low
2024-02-19,Karachi,Wheat,1224,1770,1497,High
2024-02-19,Karachi,Rice,1657,2065,1861,Low
2024-02-19,Karachi,Maize,2075,2426,2250,Low
2024-02-19,Karachi,Sugarcane,1829,2223,2026,Medium
2024-02-19,Karachi,Cotton,1640,1969,1804,High
2024-02-19,Karachi,Vegetables,1001,1713,1357,High
2024-02-19,Peshawar,Wheat,1816,2522,2169,Low
2024-02-19,Peshawar,Rice,1833,2266,2049,Medium
2024-02-19,Peshawar,Maize,1540,1757,1648,Medium
2024-02-19,Peshawar,Sugarcane,2393,2974,2683,Low
2024-02-19,Peshawar,Cotton,2406,2818,2612,Medium
2024-02-19,Peshawar,Vegetables,1290,1860,1575,Low
2024-02-19,Quetta,Wheat,1343,1616,1479,High
2024-02-19,Quetta,Rice,1182,1797,1489,High
2024-02-19,Quetta,Maize,1430,1762,1596,Medium
2024-02-19,Quetta,Sugarcane,2453,2715,2584,High
2024-02-19,Quetta,Cotton,1771,2452,2111,High
2024-02-19,Quetta,Vegetables,1872,2338,2105,Low
2024-02-26,Lahore,Wheat,1779,2185,1982,Low
2024-02-26,Lahore,Rice,1281,1487,1384,Medium
2024-02-26,Lahore,Maize,2285,2935,2610,High
2024-02-26,Lahore,Sugarcane,1038,1813,1425,High
2024-02-26,Lahore,Cotton,1675,2147,1911,Medium
2024-02-26,Lahore,Vegetables,2224,2993,2608,Medium
2024-02-26,Multan,Wheat,1409,1947,1678,Medium
2024-02-26,Multan,Rice,1278,1481,1379,Medium
2024-02-26,Multan,Maize,1485,1971,1728,Low
2024-02-26,Multan,Sugarcane,1870,2566,2218,Medium
2024-02-26,Multan,Cotton,1411,1810,1610,Medium
2024-02-26,Multan,Vegetables,1673,2290,1981,Low
2024-02-26,Faisalabad,Wheat,2204,2869,2536,High
2024-02-26,Faisalabad,Rice,2266,2736,2501,High
2024-02-26,Faisalabad,Maize,2006,2788,2397,High
2024-02-26,Faisalabad,Sugarcane,2358,2588,2473,High
2024-02-26,Faisalabad,Cotton,2185,2885,2535,Medium
2024-02-26,Faisalabad,Vegetables,1033,1712,1372,Medium
2024-02-26,Karachi,Wheat,1596,2195,1895,Medium
2024-02-26,Karachi,Rice,2261,2539,2400,Low
2024-02-26,Karachi,Maize,1070,1793,1431,Low
2024-02-26,Karachi,Sugarcane,1255,1840,1547,Low
2024-02-26,Karachi,Cotton,2179,2887,2533,Medium
2024-02-26,Karachi,Vegetables,2453,2886,2669,High
2024-02-26,Peshawar,Wheat,2199,2579,2389,Low
2024-02-26,Peshawar,Rice,1062,1380,1221,High
2024-02-26,Peshawar,Maize,2403,2705,2554,Low
2024-02-26,Peshawar,Sugarcane,1949,2732,2340,Low
2024-02-26,Peshawar,Cotton,1115,1508,1311,Low
2024-02-26,Peshawar,Vegetables,2372,2626,2499,Low
2024-02-26,Quetta,Wheat,1208,1427,1317,High
2024-02-26,Quetta,Rice,1790,1995,1892,High
2024-02-26,Quetta,Maize,1810,2198,2004,High
2024-02-26,Quetta,Sugarcane,1720,2513,2116,Medium
2024-02-26,Quetta,Cotton,2094,2893,2493,Low
2024-02-26,Quetta,Vegetables,1924,2673,2298,High
2024-03-04,Lahore,Wheat,1833,2390,2111,Medium
2024-03-04,Lahore,Rice,1000,1428,1214,Medium
2024-03-04,Lahore,Maize,1277,1804,1540,Medium
2024-03-04,Lahore,Sugarcane,2291,2764,2527,Low
2024-03-04,Lahore,Cotton,1763,2113,1938,Medium
2024-03-04,Lahore,Vegetables,1853,2450,2151,Medium
2024-03-04,Multan,Wheat,2156,2916,2536,High
2024-03-04,Multan,Rice,2303,2904,2603,Medium
2024-03-04,Multan,Maize,1729,2316,2022,High
2024-03-04,Multan,Sugarcane,2291,2901,2596,Medium
2024-03-04,Multan,Cotton,1440,1692,1566,High
2024-03-04,Multan,Vegetables,1751,2338,2044,Medium
2024-03-04,Faisalabad,Wheat,1625,2090,1857,Medium
2024-03-04,Faisalabad,Rice,1594,2191,1892,High
2024-03-04,Faisalabad,Maize,1057,1380,1218,Medium
2024-03-04,Faisalabad,Sugarcane,2364,2932,2648,High
2024-03-04,Faisalabad,Cotton,1149,1733,1441,Low
2024-03-04,Faisalabad,Vegetables,1860,2627,2243,Low
2024-03-04,Karachi,Wheat,2166,2754,2460,Medium
2024-03-04,Karachi,Rice,2010,2691,2350,High
2024-03-04,Karachi,Maize,1708,2371,2039,Low
2024-03-04,Karachi,Sugarcane,1583,2279,1931,Medium
2024-03-04,Karachi,Cotton,2476,3110,2793,Low
2024-03-04,Karachi,Vegetables,1187,1909,1548,High
2024-03-04,Peshawar,Wheat,1763,2505,2134,High
2024-03-04,Peshawar,Rice,1815,2288,2051,Medium
2024-03-04,Peshawar,Maize,1720,2111,1915,Medium
2024-03-04,Peshawar,Sugarcane,1775,2382,2078,Medium
2024-03-04,Peshawar,Cotton,2140,2739,2439,High
2024-03-04,Peshawar,Vegetables,1567,2024,1795,Low
2024-03-04,Quetta,Wheat,1979,2206,2092,Medium
2024-03-04,Quetta,Rice,2101,2406,2253,Medium
2024-03-04,Quetta,Maize,2159,2885,2522,High
2024-03-04,Quetta,Sugarcane,1551,1878,1714,Medium
2024-03-04,Quetta,Cotton,1060,1826,1443,Low
2024-03-04,Quetta,Vegetables,2248,2957,2602,High
2024-03-11,Lahore,Wheat,1952,2369,2160,High
2024-03-11,Lahore,Rice,1331,2009,1670,Low
2024-03-11,Lahore,Maize,1795,2592,2193,High
2024-03-11,Lahore,Sugarcane,2050,2464,2257,Medium
2024-03-11,Lahore,Cotton,1597,2318,1957,High
2024-03-11,Lahore,Vegetables,1758,2073,1915,High
2024-03-11,Multan,Wheat,1676,2313,1994,Low
2024-03-11,Multan,Rice,1154,1492,1323,High
2024-03-11,Multan,Maize,2328,2841,2584,High
2024-03-11,Multan,Sugarcane,1686,2211,1948,High
2024-03-11,Multan,Cotton,1886,2608,2247,Low
2024-03-11,Multan,Vegetables,1206,1542,1374,Medium
2024-03-11,Faisalabad,Wheat,1879,2677,2278,High
2024-03-11,Faisalabad,Rice,1948,2275,2111,Low
2024-03-11,Faisalabad,Maize,1736,1979,1857,Medium
2024-03-11,Faisalabad,Sugarcane,1280,1908,1594,Medium
2024-03-11,Faisalabad,Cotton,1814,2362,2088,Low
2024-03-11,Faisalabad,Vegetables,1482,2088,1785,Low
2024-03-11,Karachi,Wheat,1237,1839,1538,Medium
2024-03-11,Karachi,Rice,2145,2520,2332,Low
2024-03-11,Karachi,Maize,1610,2410,2010,Medium
2024-03-11,Karachi,Sugarcane,1949,2275,2112,High
2024-03-11,Karachi,Cotton,1116,1819,1467,High
2024-03-11,Karachi,Vegetables,1140,1619,1379,High
2024-03-11,Peshawar,Wheat,2180,2744,2462,High
2024-03-11,Peshawar,Rice,1702,2213,1957,Low
2024-03-11,Peshawar,Maize,1232,1667,1449,High
2024-03-11,Peshawar,Sugarcane,1850,2611,2230,High
2024-03-11,Peshawar,Cotton,1492,2013,1752,Low
2024-03-11,Peshawar,Vegetables,1185,1767,1476,Low
2024-03-11,Quetta,Wheat,1185,1478,1331,High
2024-03-11,Quetta,Rice,2266,2751,2508,Low
2024-03-11,Quetta,Maize,2403,2993,2698,Low
2024-03-11,Quetta,Sugarcane,1218,1502,1360,High
2024-03-11,Quetta,Cotton,1707,1916,1811,Low
2024-03-11,Quetta,Vegetables,1075,1739,1407,Medium
2024-03-18,Lahore,Wheat,2155,2925,2540,High
2024-03-18,Lahore,Rice,2284,2888,2586,Medium
2024-03-18,Lahore,Maize,1886,2344,2115,High
2024-03-18,Lahore,Sugarcane,1132,1597,1364,Medium
2024-03-18,Lahore,Cotton,1075,1551,1313,Low
2024-03-18,Lahore,Vegetables,2084,2567,2325,Medium
2024-03-18,Multan,Wheat,1431,1869,1650,Low
2024-03-18,Multan,Rice,1925,2444,2184,Medium
2024-03-18,Multan,Maize,2245,2924,2584,Medium
2024-03-18,Multan,Sugarcane,1058,1445,1251,Low
2024-03-18,Multan,Cotton,1018,1232,1125,High
2024-03-18,Multan,Vegetables,1845,2590,2217,Low
2024-03-18,Faisalabad,Wheat,2225,2690,2457,Low
2024-03-18,Faisalabad,Rice,1374,1814,1594,Low
2024-03-18,Faisalabad,Maize,2406,3138,2772,Low
2024-03-18,Faisalabad,Sugarcane,2468,2696,2582,Medium
2024-03-18,Faisalabad,Cotton,2092,2532,2312,High
2024-03-18,Faisalabad,Vegetables,2198,2837,2517,Medium
2024-03-18,Karachi,Wheat,1914,2147,2030,High
2024-03-18,Karachi,Rice,2237,2809,2523,High
2024-03-18,Karachi,Maize,1696,2401,2048,Medium
2024-03-18,Karachi,Sugarcane,1378,1585,1481,Low
2024-03-18,Karachi,Cotton,2312,2788,2550,Low
2024-03-18,Karachi,Vegetables,1161,1761,1461,Medium
2024-03-18,Peshawar,Wheat,1450,1855,1652,Low
2024-03-18,Peshawar,Rice,1445,2023,1734,High
2024-03-18,Peshawar,Maize,1582,2334,1958,High
2024-03-18,Peshawar,Sugarcane,1899,2180,2039,Medium
2024-03-18,Peshawar,Cotton,2100,2436,2268,Medium
2024-03-18,Peshawar,Vegetables,2154,2541,2347,High
2024-03-18,Quetta,Wheat,1603,2324,1963,High
2024-03-18,Quetta,Rice,2099,2733,2416,High
2024-03-18,Quetta,Maize,2316,2592,2454,Medium
2024-03-18,Quetta,Sugarcane,1413,1929,1671,High
2024-03-18,Quetta,Cotton,2185,2464,2324,High
2024-03-18,Quetta,Vegetables,2201,2891,2546,Low
2024-03-25,Lahore,Wheat,1594,2149,1871,Low
2024-03-25,Lahore,Rice,1247,1533,1390,High
2024-03-25,Lahore,Maize,1399,1772,1585,Medium
2024-03-25,Lahore,Sugarcane,1443,1673,1558,Medium
2024-03-25,Lahore,Cotton,1972,2511,2241,Medium
2024-03-25,Lahore,Vegetables,2129,2698,2413,High
2024-03-25,Multan,Wheat,1451,2016,1733,High
2024-03-25,Multan,Rice,1873,2477,2175,Low
2024-03-25,Multan,Maize,1112,1666,1389,Medium
2024-03-25,Multan,Sugarcane,1774,2515,2144,High
2024-03-25,Multan,Cotton,2391,3164,2777,Low
2024-03-25,Multan,Vegetables,1605,2216,1910,Low
2024-03-25,Faisalabad,Wheat,2293,2816,2554,High
2024-03-25,Faisalabad,Rice,2039,2422,2230,Medium
2024-03-25,Faisalabad,Maize,2388,2611,2499,Medium
2024-03-25,Faisalabad,Sugarcane,1249,1901,1575,Medium
2024-03-25,Faisalabad,Cotton,1949,2220,2084,Medium
2024-03-25,Faisalabad,Vegetables,1074,1279,1176,High
2024-03-25,Karachi,Wheat,2463,2777,2620,High
2024-03-25,Karachi,Rice,2009,2451,2230,Medium
2024-03-25,Karachi,Maize,2161,2950,2555,Low
2024-03-25,Karachi,Sugarcane,1991,2773,2382,Medium
2024-03-25,Karachi,Cotton,2416,3049,2732,Low
2024-03-25,Karachi,Vegetables,1719,2420,2069,High
2024-03-25,Peshawar,Wheat,2349,3108,2728,Medium
2024-03-25,Peshawar,Rice,1715,2222,1968,Low
2024-03-25,Peshawar,Maize,1942,2638,2290,High
2024-03-25,Peshawar,Sugarcane,1278,1872,1575,High
2024-03-25,Peshawar,Cotton,1310,1584,1447,High
2024-03-25,Peshawar,Vegetables,1487,2209,1848,High
2024-03-25,Quetta,Wheat,2426,3141,2783,Low
2024-03-25,Quetta,Rice,1143,1363,1253,Medium
2024-03-25,Quetta,Maize,2479,3121,2800,High
2024-03-25,Quetta,Sugarcane,1231,1900,1565,High
2024-03-25,Quetta,Cotton,1649,2410,2029,High
2024-03-25,Quetta,Vegetables,1432,1923,1677,Low
2024-04-01,Lahore,Wheat,1636,2322,1979,Medium
2024-04-01,Lahore,Rice,1572,2344,1958,Medium
2024-04-01,Lahore,Maize,1912,2220,2066,High
2024-04-01,Lahore,Sugarcane,2317,2527,2422,High
2024-04-01,Lahore,Cotton,1538,1834,1686,Medium
2024-04-01,Lahore,Vegetables,2050,2833,2441,Low
2024-04-01,Multan,Wheat,1467,1824,1645,Low
2024-04-01,Multan,Rice,1702,1947,1824,Medium
2024-04-01,Multan,Maize,2266,2761,2513,Low
2024-04-01,Multan,Sugarcane,1487,1701,1594,Medium
2024-04-01,Multan,Cotton,1081,1643,1362,Medium
2024-04-01,Multan,Vegetables,1795,2492,2143,Low
2024-04-01,Faisalabad,Wheat,1208,1461,1334,High
2024-04-01,Faisalabad,Rice,1791,2469,2130,Low
2024-04-01,Faisalabad,Maize,2098,2782,2440,High
2024-04-01,Faisalabad,Sugarcane,1774,2051,1912,High
2024-04-01,Faisalabad,Cotton,1139,1904,1521,Medium
2024-04-01,Faisalabad,Vegetables,2371,2805,2588,Medium
2024-04-01,Karachi,Wheat,1066,1551,1308,Low
2024-04-01,Karachi,Rice,1714,2321,2017,Low
2024-04-01,Karachi,Maize,1773,2247,2010,High
2024-04-01,Karachi,Sugarcane,2128,2877,2502,Medium
2024-04-01,Karachi,Cotton,1318,2013,1665,Low
2024-04-01,Karachi,Vegetables,1697,2305,2001,Low
2024-04-01,Peshawar,Wheat,1262,1479,1370,Low
2024-04-01,Peshawar,Rice,1511,1887,1699,Medium
2024-04-01,Peshawar,Maize,1628,1836,1732,Medium
2024-04-01,Peshawar,Sugarcane,1604,2315,1959,Medium
2024-04-01,Peshawar,Cotton,2368,2716,2542,High
2024-04-01,Peshawar,Vegetables,2408,3184,2796,High
2024-04-01,Quetta,Wheat,2071,2340,2205,Low
2024-04-01,Quetta,Rice,2339,2570,2454,High
2024-04-01,Quetta,Maize,2057,2727,2392,Medium
2024-04-01,Quetta,Sugarcane,1938,2531,2234,Low
2024-04-01,Quetta,Cotton,2008,2563,2285,High
2024-04-01,Quetta,Vegetables,1705,2472,2088,Low
2024-04-08,Lahore,Wheat,2119,2355,2237,Medium
2024-04-08,Lahore,Rice,1042,1494,1268,Medium
2024-04-08,Lahore,Maize,2259,2730,2494,High
2024-04-08,Lahore,Sugarcane,1019,1766,1392,Low
2024-04-08,Lahore,Cotton,1533,2306,1919,Medium
2024-04-08,Lahore,Vegetables,1466,1682,1574,Low
2024-04-08,Multan,Wheat,2060,2507,2283,Low
2024-04-08,Multan,Rice,1103,1683,1393,High
2024-04-08,Multan,Maize,2015,2228,2121,High
2024-04-08,Multan,Sugarcane,1286,1641,1463,Low
2024-04-08,Multan,Cotton,2201,2657,2429,High
2024-04-08,Multan,Vegetables,1498,2162,1830,Medium
2024-04-08,Faisalabad,Wheat,1770,2012,1891,Low
2024-04-08,Faisalabad,Rice,1927,2419,2173,High
2024-04-08,Faisalabad,Maize,1218,1903,1560,High
2024-04-08,Faisalabad,Sugarcane,2081,2834,2457,Medium
2024-04-08,Faisalabad,Cotton,2250,2768,2509,Low
2024-04-08,Faisalabad,Vegetables,1596,1902,1749,Medium
2024-04-08,Karachi,Wheat,1534,1749,1641,Medium
2024-04-08,Karachi,Rice,2215,2420,2317,Medium
2024-04-08,Karachi,Maize,1540,2168,1854,Low
2024-04-08,Karachi,Sugarcane,1001,1535,1268,High
2024-04-08,Karachi,Cotton,1122,1867,1494,Low
2024-04-08,Karachi,Vegetables,1564,1815,1689,Medium
2024-04-08,Peshawar,Wheat,2191,2479,2335,Low
2024-04-08,Peshawar,Rice,1905,2127,2016,Low
2024-04-08,Peshawar,Maize,2346,2596,2471,Low
2024-04-08,Peshawar,Sugarcane,1218,1834,1526,High
2024-04-08,Peshawar,Cotton,1157,1602,1379,Medium
2024-04-08,Peshawar,Vegetables,2009,2660,2334,Medium
2024-04-08,Quetta,Wheat,1746,2175,1960,Low
2024-04-08,Quetta,Rice,2291,3065,2678,Low
2024-04-08,Quetta,Maize,1052,1621,1336,Medium
2024-04-08,Quetta,Sugarcane,1558,2137,1847,High
2024-04-08,Quetta,Cotton,1915,2685,2300,Low
2024-04-08,Quetta,Vegetables,1660,2062,1861,Medium
2024-04-15,Lahore,Wheat,1991,2558,2274,Medium
2024-04-15,Lahore,Rice,1142,1568,1355,Low
2024-04-15,Lahore,Maize,2432,2860,2646,Medium
2024-04-15,Lahore,Sugarcane,2462,2711,2586,Medium
2024-04-15,Lahore,Cotton,2301,2911,2606,Medium
2024-04-15,Lahore,Vegetables,1264,1622,1443,Low
2024-04-15,Multan,Wheat,1394,1939,1666,Low
2024-04-15,Multan,Rice,2150,2860,2505,Low
2024-04-15,Multan,Maize,1799,2163,1981,High
2024-04-15,Multan,Sugarcane,1081,1650,1365,High
2024-04-15,Multan,Cotton,1259,1972,1615,High
2024-04-15,Multan,Vegetables,1950,2303,2126,Low
2024-04-15,Faisalabad,Wheat,1864,2193,2028,Low
2024-04-15,Faisalabad,Rice,1397,2139,1768,Low
2024-04-15,Faisalabad,Maize,1850,2110,1980,Medium
2024-04-15,Faisalabad,Sugarcane,1059,1669,1364,High
2024-04-15,Faisalabad,Cotton,1926,2374,2150,High
2024-04-15,Faisalabad,Vegetables,1041,1826,1433,Low
2024-04-15,Karachi,Wheat,1274,1858,1566,High
2024-04-15,Karachi,Rice,1145,1417,1281,Medium
2024-04-15,Karachi,Maize,2391,2809,2600,High
2024-04-15,Karachi,Sugarcane,1435,1635,1535,Low
2024-04-15,Karachi,Cotton,1168,1938,1553,Medium
2024-04-15,Karachi,Vegetables,1418,1900,1659,Low
2024-04-15,Peshawar,Wheat,1912,2199,2055,Low
2024-04-15,Peshawar,Rice,1174,1871,1522,Low
2024-04-15,Peshawar,Maize,1276,2005,1640,Medium
2024-04-15,Peshawar,Sugarcane,1348,1879,1613,Low
2024-04-15,Peshawar,Cotton,1003,1436,1219,High
2024-04-15,Peshawar,Vegetables,1564,2247,1905,High
2024-04-15,Quetta,Wheat,1909,2359,2134,Low
2024-04-15,Quetta,Rice,2228,2456,2342,High
2024-04-15,Quetta,Maize,1561,1909,1735,Medium
2024-04-15,Quetta,Sugarcane,2093,2834,2463,Medium
2024-04-15,Quetta,Cotton,1449,1664,1556,Low
2024-04-15,Quetta,Vegetables,2378,2642,2510,Medium
2024-04-22,Lahore,Wheat,1951,2434,2192,Low
2024-04-22,Lahore,Rice,2275,2748,2511,Low
2024-04-22,Lahore,Maize,1715,2012,1863,High
2024-04-22,Lahore,Sugarcane,1713,2055,1884,High
2024-04-22,Lahore,Cotton,1136,1432,1284,Low
2024-04-22,Lahore,Vegetables,1972,2344,2158,High
2024-04-22,Multan,Wheat,2171,2737,2454,High
2024-04-22,Multan,Rice,1060,1583,1321,Low
2024-04-22,Multan,Maize,1436,1744,1590,High
2024-04-22,Multan,Sugarcane,1120,1780,1450,High
2024-04-22,Multan,Cotton,2146,2668,2407,Medium
2024-04-22,Multan,Vegetables,1663,2037,1850,Medium
2024-04-22,Faisalabad,Wheat,2367,3165,2766,Medium
2024-04-22,Faisalabad,Rice,1729,2477,2103,High
2024-04-22,Faisalabad,Maize,1807,2131,1969,High
2024-04-22,Faisalabad,Sugarcane,1387,2180,1783,High
2024-04-22,Faisalabad,Cotton,1319,1645,1482,Medium
2024-04-22,Faisalabad,Vegetables,1835,2094,1964,High
2024-04-22,Karachi,Wheat,1959,2511,2235,High
2024-04-22,Karachi,Rice,1737,2509,2123,Low
2024-04-22,Karachi,Maize,1824,2595,2209,High
2024-04-22,Karachi,Sugarcane,2317,2786,2551,Medium
2024-04-22,Karachi,Cotton,1745,2537,2141,High
2024-04-22,Karachi,Vegetables,1558,2042,1800,High
2024-04-22,Peshawar,Wheat,1623,2411,2017,High
2024-04-22,Peshawar,Rice,1840,2054,1947,Medium
2024-04-22,Peshawar,Maize,2413,2884,2648,High
2024-04-22,Peshawar,Sugarcane,1482,1989,1735,Low
2024-04-22,Peshawar,Cotton,1099,1380,1239,Medium
2024-04-22,Peshawar,Vegetables,1591,2074,1832,High
2024-04-22,Quetta,Wheat,1828,2225,2026,Medium
2024-04-22,Quetta,Rice,1684,2339,2011,Medium
2024-04-22,Quetta,Maize,1050,1845,1447,High
2024-04-22,Quetta,Sugarcane,1633,1983,1808,Medium
2024-04-22,Quetta,Cotton,1621,1913,1767,Medium
2024-04-22,Quetta,Vegetables,1868,2109,1988,High
2024-04-29,Lahore,Wheat,2113,2438,2275,High
2024-04-29,Lahore,Rice,1676,2017,1846,High
2024-04-29,Lahore,Maize,2151,2376,2263,High
2024-04-29,Lahore,Sugarcane,1186,1958,1572,Low
2024-04-29,Lahore,Cotton,2011,2422,2216,High
2024-04-29,Lahore,Vegetables,1811,2569,2190,Medium
2024-04-29,Multan,Wheat,1805,2542,2173,Low
2024-04-29,Multan,Rice,1706,2397,2051,High
2024-04-29,Multan,Maize,1603,2116,1859,Medium
2024-04-29,Multan,Sugarcane,1401,1880,1640,Medium
2024-04-29,Multan,Cotton,1313,1933,1623,High
2024-04-29,Multan,Vegetables,1535,1962,1748,Low
2024-04-29,Faisalabad,Wheat,1694,1968,1831,Low
2024-04-29,Faisalabad,Rice,1760,2542,2151,Low
2024-04-29,Faisalabad,Maize,1594,2330,1962,Low
2024-04-29,Faisalabad,Sugarcane,2257,2664,2460,Medium
2024-04-29,Faisalabad,Cotton,1404,2152,1778,High
2024-04-29,Faisalabad,Vegetables,2393,2962,2677,Low
2024-04-29,Karachi,Wheat,1902,2155,2028,High
2024-04-29,Karachi,Rice,1408,1816,1612,High
2024-04-29,Karachi,Maize,1409,1791,1600,High
2024-04-29,Karachi,Sugarcane,1060,1356,1208,Medium
2024-04-29,Karachi,Cotton,1061,1442,1251,Low
2024-04-29,Karachi,Vegetables,1800,2560,2180,Medium
2024-04-29,Peshawar,Wheat,1457,1954,1705,High
2024-04-29,Peshawar,Rice,2224,2986,2605,Medium
2024-04-29,Peshawar,Maize,2469,2684,2576,Medium
2024-04-29,Peshawar,Sugarcane,1099,1406,1252,Medium
2024-04-29,Peshawar,Cotton,1271,1771,1521,Medium
2024-04-29,Peshawar,Vegetables,1980,2531,2255,Medium
2024-04-29,Quetta,Wheat,1311,1927,1619,High
2024-04-29,Quetta,Rice,1859,2310,2084,Low
2024-04-29,Quetta,Maize,1601,1946,1773,Low
2024-04-29,Quetta,Sugarcane,1634,2175,1904,Medium
2024-04-29,Quetta,Cotton,1681,2460,2070,High
2024-04-29,Quetta,Vegetables,1176,1697,1436,Low
2024-05-06,Lahore,Wheat,1311,2055,1683,High
2024-05-06,Lahore,Rice,1302,2020,1661,High
2024-05-06,Lahore,Maize,1843,2584,2213,Medium
2024-05-06,Lahore,Sugarcane,2365,3101,2733,Medium
2024-05-06,Lahore,Cotton,1213,1918,1565,High
2024-05-06,Lahore,Vegetables,1074,1591,1332,High
2024-05-06,Multan,Wheat,1919,2145,2032,High
2024-05-06,Multan,Rice,1738,2222,1980,Low
2024-05-06,Multan,Maize,1367,1986,1676,Low
2024-05-06,Multan,Sugarcane,2170,2660,2415,Medium
2024-05-06,Multan,Cotton,1479,2259,1869,Low
2024-05-06,Multan,Vegetables,1124,1498,1311,Low
2024-05-06,Faisalabad,Wheat,1679,2257,1968,Low
2024-05-06,Faisalabad,Rice,2461,2789,2625,High
2024-05-06,Faisalabad,Maize,2473,3141,2807,Medium
2024-05-06,Faisalabad,Sugarcane,2330,2655,2492,Low
2024-05-06,Faisalabad,Cotton,2125,2548,2336,Low
2024-05-06,Faisalabad,Vegetables,1838,2530,2184,Low
2024-05-06,Karachi,Wheat,1353,2053,1703,Medium
2024-05-06,Karachi,Rice,1732,2130,1931,High
2024-05-06,Karachi,Maize,1565,2199,1882,Medium
2024-05-06,Karachi,Sugarcane,1258,1712,1485,High
2024-05-06,Karachi,Cotton,1572,1958,1765,Medium
2024-05-06,Karachi,Vegetables,1114,1436,1275,High
2024-05-06,Peshawar,Wheat,1501,2033,1767,High
2024-05-06,Peshawar,Rice,1452,2111,1781,High
2024-05-06,Peshawar,Maize,1610,1954,1782,High
2024-05-06,Peshawar,Sugarcane,1938,2461,2199,High
2024-05-06,Peshawar,Cotton,1421,2043,1732,Medium
2024-05-06,Peshawar,Vegetables,1388,1814,1601,High
2024-05-06,Quetta,Wheat,1415,2025,1720,Medium
2024-05-06,Quetta,Rice,2383,3052,2717,Medium
2024-05-06,Quetta,Maize,2413,2701,2557,Medium
2024-05-06,Quetta,Sugarcane,2167,2866,2516,High
2024-05-06,Quetta,Cotton,2130,2526,2328,Low
2024-05-06,Quetta,Vegetables,2413,3207,2810,Medium
2024-05-13,Lahore,Wheat,2114,2696,2405,High
2024-05-13,Lahore,Rice,1939,2527,2233,Low
2024-05-13,Lahore,Maize,1608,1906,1757,High
2024-05-13,Lahore,Sugarcane,1886,2633,2259,High
2024-05-13,Lahore,Cotton,2267,3052,2659,High
2024-05-13,Lahore,Vegetables,1784,2332,2058,Medium
2024-05-13,Multan,Wheat,2387,2776,2581,Medium
2024-05-13,Multan,Rice,2276,2649,2462,High
2024-05-13,Multan,Maize,2075,2689,2382,Medium
2024-05-13,Multan,Sugarcane,1574,2139,1856,Medium
2024-05-13,Multan,Cotton,1484,2109,1796,Medium
2024-05-13,Multan,Vegetables,2205,2649,2427,High
2024-05-13,Faisalabad,Wheat,1968,2374,2171,Medium
2024-05-13,Faisalabad,Rice,1164,1611,1387,Medium
2024-05-13,Faisalabad,Maize,1820,2585,2202,Low
2024-05-13,Faisalabad,Sugarcane,1732,2438,2085,High
2024-05-13,Faisalabad,Cotton,2457,3074,2765,Low
2024-05-13,Faisalabad,Vegetables,2475,2713,2594,Low
2024-05-13,Karachi,Wheat,2164,2924,2544,Medium
2024-05-13,Karachi,Rice,2123,2351,2237,Medium
2024-05-13,Karachi,Maize,1121,1570,1345,Low
2024-05-13,Karachi,Sugarcane,1128,1601,1364,Low
2024-05-13,Karachi,Cotton,1763,2115,1939,Low
2024-05-13,Karachi,Vegetables,1147,1527,1337,Low
2024-05-13,Peshawar,Wheat,1050,1448,1249,High
2024-05-13,Peshawar,Rice,1006,1260,1133,Medium
2024-05-13,Peshawar,Maize,1644,2333,1988,Low
2024-05-13,Peshawar,Sugarcane,2122,2591,2356,Medium
2024-05-13,Peshawar,Cotton,2341,3110,2725,Medium
2024-05-13,Peshawar,Vegetables,1331,1816,1573,High
2024-05-13,Quetta,Wheat,2340,3053,2696,Medium
2024-05-13,Quetta,Rice,2163,2538,2350,Medium
2024-05-13,Quetta,Maize,2087,2648,2367,Low
2024-05-13,Quetta,Sugarcane,2202,2907,2554,Medium
2024-05-13,Quetta,Cotton,2348,2557,2452,High
2024-05-13,Quetta,Vegetables,2082,2548,2315,High
2024-05-20,Lahore,Wheat,1890,2135,2012,High
2024-05-20,Lahore,Rice,1248,2048,1648,Medium
2024-05-20,Lahore,Maize,2389,3024,2706,Low
2024-05-20,Lahore,Sugarcane,2412,3120,2766,Low
2024-05-20,Lahore,Cotton,2435,2676,2555,High
2024-05-20,Lahore,Vegetables,2432,2999,2715,Low
2024-05-20,Multan,Wheat,1743,2397,2070,Medium
2024-05-20,Multan,Rice,1055,1337,1196,Medium
2024-05-20,Multan,Maize,2015,2468,2241,Low
2024-05-20,Multan,Sugarcane,2484,3008,2746,High
2024-05-20,Multan,Cotton,1632,2300,1966,Low
2024-05-20,Multan,Vegetables,2378,2732,2555,Low
2024-05-20,Faisalabad,Wheat,1179,1913,1546,Medium
2024-05-20,Faisalabad,Rice,1203,1938,1570,High
2024-05-20,Faisalabad,Maize,1931,2609,2270,Medium
2024-05-20,Faisalabad,Sugarcane,1083,1414,1248,Low
2024-05-20,Faisalabad,Cotton,1455,2182,1818,High
2024-05-20,Faisalabad,Vegetables,2358,2951,2654,High
2024-05-20,Karachi,Wheat,1408,1730,1569,Low
2024-05-20,Karachi,Rice,1436,1980,1708,Medium
2024-05-20,Karachi,Maize,2336,2922,2629,Medium
2024-05-20,Karachi,Sugarcane,2435,2769,2602,Low
2024-05-20,Karachi,Cotton,1984,2415,2199,Medium
2024-05-20,Karachi,Vegetables,2474,2767,2620,Low
2024-05-20,Peshawar,Wheat,2488,2896,2692,Medium
2024-05-20,Peshawar,Rice,1065,1731,1398,Medium
2024-05-20,Peshawar,Maize,2025,2246,2135,High
2024-05-20,Peshawar,Sugarcane,1756,2032,1894,Medium
2024-05-20,Peshawar,Cotton,1005,1418,1211,High
2024-05-20,Peshawar,Vegetables,1336,2079,1707,Low
2024-05-20,Quetta,Wheat,1911,2502,2206,High
2024-05-20,Quetta,Rice,2056,2265,2160,Low
2024-05-20,Quetta,Maize,2285,2513,2399,Low
2024-05-20,Quetta,Sugarcane,2398,2743,2570,Medium
2024-05-20,Quetta,Cotton,1910,2519,2214,Medium
2024-05-20,Quetta,Vegetables,1031,1769,1400,Medium
2024-05-27,Lahore,Wheat,1277,1831,1554,Medium
2024-05-27,Lahore,Rice,2347,2923,2635,High
2024-05-27,Lahore,Maize,1521,1853,1687,Medium
2024-05-27,Lahore,Sugarcane,1308,1853,1580,Low
2024-05-27,Lahore,Cotton,1645,2444,2044,Low
2024-05-27,Lahore,Vegetables,2111,2874,2492,High
2024-05-27,Multan,Wheat,1624,2308,1966,Low
2024-05-27,Multan,Rice,1493,1946,1719,High
2024-05-27,Multan,Maize,2151,2767,2459,High
2024-05-27,Multan,Sugarcane,1445,1942,1693,High
2024-05-27,Multan,Cotton,1809,2240,2024,Low
2024-05-27,Multan,Vegetables,1000,1503,1251,Medium
2024-05-27,Faisalabad,Wheat,1141,1721,1431,High
2024-05-27,Faisalabad,Rice,1894,2271,2082,Low
2024-05-27,Faisalabad,Maize,2406,3001,2703,Low
2024-05-27,Faisalabad,Sugarcane,2202,2423,2312,Medium
2024-05-27,Faisalabad,Cotton,1135,1464,1299,Low
2024-05-27,Faisalabad,Vegetables,1281,1837,1559,High
2024-05-27,Karachi,Wheat,2373,3028,2700,Medium
2024-05-27,Karachi,Rice,1027,1778,1402,Low
2024-05-27,Karachi,Maize,1511,1830,1670,Medium
2024-05-27,Karachi,Sugarcane,1927,2477,2202,High
2024-05-27,Karachi,Cotton,2314,2842,2578,Medium
2024-05-27,Karachi,Vegetables,1667,2190,1928,High
2024-05-27,Peshawar,Wheat,1132,1563,1347,Low
2024-05-27,Peshawar,Rice,2258,2862,2560,Low
2024-05-27,Peshawar,Maize,2247,2678,2462,Low
2024-05-27,Peshawar,Sugarcane,1798,2266,2032,Low
2024-05-27,Peshawar,Cotton,2010,2395,2202,Medium
2024-05-27,Peshawar,Vegetables,1154,1549,1351,High
2024-05-27,Quetta,Wheat,1714,2274,1994,Low
2024-05-27,Quetta,Rice,1918,2367,2142,High
2024-05-27,Quetta,Maize,2355,2933,2644,High
2024-05-27,Quetta,Sugarcane,2186,2517,2351,Low
2024-05-27,Quetta,Cotton,2142,2704,2423,High
2024-05-27,Quetta,Vegetables,2441,3198,2819,Medium
2024-06-03,Lahore,Wheat,1393,1670,1531,Low
2024-06-03,Lahore,Rice,1365,1947,1656,Medium
2024-06-03,Lahore,Maize,1888,2289,2088,Low
2024-06-03,Lahore,Sugarcane,2308,2939,2623,Medium
2024-06-03,Lahore,Cotton,2150,2456,2303,Low
2024-06-03,Lahore,Vegetables,1850,2458,2154,Low
2024-06-03,Multan,Wheat,2306,3094,2700,High
2024-06-03,Multan,Rice,1942,2530,2236,High
2024-06-03,Multan,Maize,1563,1902,1732,High
2024-06-03,Multan,Sugarcane,1027,1253,1140,Medium
2024-06-03,Multan,Cotton,1985,2450,2217,Medium
2024-06-03,Multan,Vegetables,1974,2520,2247,High
2024-06-03,Faisalabad,Wheat,1687,2262,1974,Low
2024-06-03,Faisalabad,Rice,2097,2759,2428,Medium
2024-06-03,Faisalabad,Maize,2059,2499,2279,Medium
2024-06-03,Faisalabad,Sugarcane,2012,2410,2211,High
2024-06-03,Faisalabad,Cotton,2015,2611,2313,Low
2024-06-03,Faisalabad,Vegetables,2040,2672,2356,Medium
2024-06-03,Karachi,Wheat,1571,2322,1946,High
2024-06-03,Karachi,Rice,1608,2265,1936,Medium
2024-06-03,Karachi,Maize,2198,2790,2494,Medium
2024-06-03,Karachi,Sugarcane,2413,3187,2800,High
2024-06-03,Karachi,Cotton,1108,1547,1327,High
2024-06-03,Karachi,Vegetables,1531,2160,1845,High
2024-06-03,Peshawar,Wheat,1014,1704,1359,High
2024-06-03,Peshawar,Rice,1049,1707,1378,Medium
2024-06-03,Peshawar,Maize,1734,2166,1950,Low
2024-06-03,Peshawar,Sugarcane,1481,1689,1585,Low
2024-06-03,Peshawar,Cotton,1825,2550,2187,Medium
2024-06-03,Peshawar,Vegetables,1685,2022,1853,Medium
2024-06-03,Quetta,Wheat,1621,2338,1979,Low
2024-06-03,Quetta,Rice,1816,2530,2173,Medium
2024-06-03,Quetta,Maize,1012,1243,1127,High
2024-06-03,Quetta,Sugarcane,1827,2591,2209,High
2024-06-03,Quetta,Cotton,1503,2178,1840,Medium
2024-06-03,Quetta,Vegetables,1109,1712,1410,High
2024-06-10,Lahore,Wheat,2167,2569,2368,Medium
2024-06-10,Lahore,Rice,1578,2110,1844,High
2024-06-10,Lahore,Maize,1767,2434,2100,Medium
2024-06-10,Lahore,Sugarcane,1942,2689,2315,Low
2024-06-10,Lahore,Cotton,1137,1448,1292,Low
2024-06-10,Lahore,Vegetables,2372,3118,2745,High
2024-06-10,Multan,Wheat,1483,2140,1811,Medium
2024-06-10,Multan,Rice,1826,2306,2066,High
2024-06-10,Multan,Maize,1014,1725,1369,Low
2024-06-10,Multan,Sugarcane,1735,2250,1992,Medium
2024-06-10,Multan,Cotton,2325,2943,2634,Low
2024-06-10,Multan,Vegetables,2096,2351,2223,High
2024-06-10,Faisalabad,Wheat,1263,1959,1611,Medium
2024-06-10,Faisalabad,Rice,1891,2625,2258,High
2024-06-10,Faisalabad,Maize,1329,1762,1545,Low
2024-06-10,Faisalabad,Sugarcane,2126,2552,2339,Low
2024-06-10,Faisalabad,Cotton,2392,3163,2777,Low
2024-06-10,Faisalabad,Vegetables,1977,2697,2337,Low
2024-06-10,Karachi,Wheat,1536,1808,1672,High
2024-06-10,Karachi,Rice,2228,2690,2459,High
2024-06-10,Karachi,Maize,1913,2509,2211,High
2024-06-10,Karachi,Sugarcane,1619,1839,1729,Low
2024-06-10,Karachi,Cotton,1997,2406,2201,Low
2024-06-10,Karachi,Vegetables,2164,2741,2452,Low
2024-06-10,Peshawar,Wheat,2184,2723,2453,Low
2024-06-10,Peshawar,Rice,1592,2220,1906,Medium
2024-06-10,Peshawar,Maize,1491,1910,1700,Medium
2024-06-10,Peshawar,Sugarcane,1930,2304,2117,Low
2024-06-10,Peshawar,Cotton,2083,2572,2327,Low
2024-06-10,Peshawar,Vegetables,2220,2628,2424,Medium
2024-06-10,Quetta,Wheat,1934,2395,2164,Low
2024-06-10,Quetta,Rice,2228,2962,2595,Low
2024-06-10,Quetta,Maize,1281,1921,1601,Low
2024-06-10,Quetta,Sugarcane,2238,2755,2496,Medium
2024-06-10,Quetta,Cotton,2475,3075,2775,High
2024-06-10,Quetta,Vegetables,1327,1666,1496,High
2024-06-17,Lahore,Wheat,2038,2632,2335,Low
2024-06-17,Lahore,Rice,1964,2577,2270,High
2024-06-17,Lahore,Maize,2414,2738,2576,High
2024-06-17,Lahore,Sugarcane,1433,1916,1674,High
2024-06-17,Lahore,Cotton,2233,2812,2522,Low
2024-06-17,Lahore,Vegetables,1790,2579,2184,High
2024-06-17,Multan,Wheat,2030,2461,2245,High
2024-06-17,Multan,Rice,2275,2499,2387,Medium
2024-06-17,Multan,Maize,1197,1880,1538,Medium
2024-06-17,Multan,Sugarcane,1284,1916,1600,Medium
2024-06-17,Multan,Cotton,2138,2739,2438,Medium
2024-06-17,Multan,Vegetables,1690,2444,2067,Medium
2024-06-17,Faisalabad,Wheat,2326,2806,2566,High
2024-06-17,Faisalabad,Rice,1983,2490,2236,High
2024-06-17,Faisalabad,Maize,1138,1468,1303,High
2024-06-17,Faisalabad,Sugarcane,1691,1902,1796,High
2024-06-17,Faisalabad,Cotton,1026,1698,1362,Low
2024-06-17,Faisalabad,Vegetables,2260,2479,2369,Low
2024-06-17,Karachi,Wheat,1700,2001,1850,High
2024-06-17,Karachi,Rice,1663,2229,1946,High
2024-06-17,Karachi,Maize,1037,1385,1211,Low
2024-06-17,Karachi,Sugarcane,1243,1876,1559,Low
2024-06-17,Karachi,Cotton,1637,1905,1771,High
2024-06-17,Karachi,Vegetables,1644,2138,1891,High
2024-06-17,Peshawar,Wheat,2111,2522,2316,High
2024-06-17,Peshawar,Rice,1944,2590,2267,Medium
2024-06-17,Peshawar,Maize,2373,2678,2525,Low
2024-06-17,Peshawar,Sugarcane,2159,2676,2417,Low
2024-06-17,Peshawar,Cotton,1894,2174,2034,Medium
2024-06-17,Peshawar,Vegetables,2332,2992,2662,Medium
2024-06-17,Quetta,Wheat,1939,2309,2124,Medium
2024-06-17,Quetta,Rice,1006,1344,1175,High
2024-06-17,Quetta,Maize,1205,1798,1501,High
2024-06-17,Quetta,Sugarcane,1953,2659,2306,High
2024-06-17,Quetta,Cotton,1887,2228,2057,High
2024-06-17,Quetta,Vegetables,1699,1908,1803,Low
2024-06-24,Lahore,Wheat,1392,1603,1497,Low
2024-06-24,Lahore,Rice,2351,3117,2734,High
2024-06-24,Lahore,Maize,1438,1774,1606,Medium
2024-06-24,Lahore,Sugarcane,1061,1796,1428,Low
2024-06-24,Lahore,Cotton,1254,1883,1568,Low
2024-06-24,Lahore,Vegetables,1735,2399,2067,Medium
2024-06-24,Multan,Wheat,2244,2988,2616,Low
2024-06-24,Multan,Rice,2081,2818,2449,High
2024-06-24,Multan,Maize,1951,2664,2307,Low
2024-06-24,Multan,Sugarcane,2453,2672,2562,Low
2024-06-24,Multan,Cotton,1431,2008,1719,Medium
2024-06-24,Multan,Vegetables,1393,1736,1564,Medium
2024-06-24,Faisalabad,Wheat,1485,1889,1687,Low
2024-06-24,Faisalabad,Rice,1995,2788,2391,Medium
2024-06-24,Faisalabad,Maize,1807,2361,2084,Low
2024-06-24,Faisalabad,Sugarcane,2166,2551,2358,Medium
2024-06-24,Faisalabad,Cotton,2386,2844,2615,Low
2024-06-24,Faisalabad,Vegetables,1738,2469,2103,High
2024-06-24,Karachi,Wheat,1838,2279,2058,High
2024-06-24,Karachi,Rice,2175,2688,2431,Low
2024-06-24,Karachi,Maize,1720,2239,1979,High
2024-06-24,Karachi,Sugarcane,1318,1925,1621,High
2024-06-24,Karachi,Cotton,1559,2227,1893,Medium
2024-06-24,Karachi,Vegetables,1933,2656,2294,Low
2024-06-24,Peshawar,Wheat,2263,2721,2492,Medium
2024-06-24,Peshawar,Rice,1988,2421,2204,High
2024-06-24,Peshawar,Maize,1538,2123,1830,High
2024-06-24,Peshawar,Sugarcane,1845,2486,2165,High
2024-06-24,Peshawar,Cotton,2350,2611,2480,Low
2024-06-24,Peshawar,Vegetables,2121,2849,2485,High
2024-06-24,Quetta,Wheat,1393,2011,1702,High
2024-06-24,Quetta,Rice,1114,1760,1437,Low
2024-06-24,Quetta,Maize,1860,2085,1972,Medium
2024-06-24,Quetta,Sugarcane,1740,2136,1938,Medium
2024-06-24,Quetta,Cotton,1730,2077,1903,Medium
2024-06-24,Quetta,Vegetables,2097,2449,2273,Medium
2024-07-01,Lahore,Wheat,2296,2968,2632,Medium
2024-07-01,Lahore,Rice,1402,1968,1685,High
2024-07-01,Lahore,Maize,1966,2395,2180,High
2024-07-01,Lahore,Sugarcane,1245,1514,1379,Low
2024-07-01,Lahore,Cotton,1998,2518,2258,Medium
2024-07-01,Lahore,Vegetables,2455,2996,2725,High
2024-07-01,Multan,Wheat,1525,2131,1828,Medium
2024-07-01,Multan,Rice,2401,2925,2663,Medium
2024-07-01,Multan,Maize,1724,1942,1833,High
2024-07-01,Multan,Sugarcane,1329,1565,1447,Medium
2024-07-01,Multan,Cotton,1179,1537,1358,High
2024-07-01,Multan,Vegetables,1515,2081,1798,Medium
2024-07-01,Faisalabad,Wheat,1413,1663,1538,Medium
2024-07-01,Faisalabad,Rice,2410,3098,2754,Low
2024-07-01,Faisalabad,Maize,2165,2879,2522,Medium
2024-07-01,Faisalabad,Sugarcane,2210,2971,2590,High
2024-07-01,Faisalabad,Cotton,2476,2768,2622,High
2024-07-01,Faisalabad,Vegetables,1994,2632,2313,High
2024-07-01,Karachi,Wheat,1295,1733,1514,Medium
2024-07-01,Karachi,Rice,1834,2239,2036,Medium
2024-07-01,Karachi,Maize,1521,2190,1855,Medium
2024-07-01,Karachi,Sugarcane,1053,1520,1286,Low
2024-07-01,Karachi,Cotton,1330,1619,1474,Low
2024-07-01,Karachi,Vegetables,1553,2098,1825,Low
2024-07-01,Peshawar,Wheat,2145,2691,2418,High
2024-07-01,Peshawar,Rice,1860,2621,2240,Low
2024-07-01,Peshawar,Maize,1449,2050,1749,Medium
2024-07-01,Peshawar,Sugarcane,1542,2101,1821,Low
2024-07-01,Peshawar,Cotton,1389,2166,1777,Medium
2024-07-01,Peshawar,Vegetables,2486,3187,2836,High
2024-07-01,Quetta,Wheat,1416,1799,1607,High
2024-07-01,Quetta,Rice,1776,2190,1983,High
2024-07-01,Quetta,Maize,1813,2085,1949,Medium
2024-07-01,Quetta,Sugarcane,1271,1527,1399,High
2024-07-01,Quetta,Cotton,1073,1843,1458,Medium
2024-07-01,Quetta,Vegetables,2170,2547,2358,Low
2024-07-08,Lahore,Wheat,1563,2228,1895,Medium
2024-07-08,Lahore,Rice,1449,1687,1568,High
2024-07-08,Lahore,Maize,2388,2743,2565,Medium
2024-07-08,Lahore,Sugarcane,2486,2759,2622,High
2024-07-08,Lahore,Cotton,2107,2744,2425,High
2024-07-08,Lahore,Vegetables,2276,2961,2618,High
2024-07-08,Multan,Wheat,1688,2363,2025,Low
2024-07-08,Multan,Rice,2029,2480,2254,Low
2024-07-08,Multan,Maize,1447,2026,1736,High
2024-07-08,Multan,Sugarcane,2233,2460,2346,Low
2024-07-08,Multan,Cotton,1105,1727,1416,Low
2024-07-08,Multan,Vegetables,1333,1749,1541,Medium
2024-07-08,Faisalabad,Wheat,2386,2773,2579,High
2024-07-08,Faisalabad,Rice,1155,1690,1422,Low
2024-07-08,Faisalabad,Maize,1740,2326,2033,High
2024-07-08,Faisalabad,Sugarcane,2022,2576,2299,Low
2024-07-08,Faisalabad,Cotton,1202,1983,1592,Medium
2024-07-08,Faisalabad,Vegetables,1907,2488,2197,Medium
2024-07-08,Karachi,Wheat,2103,2358,2230,Low
2024-07-08,Karachi,Rice,2255,2993,2624,Medium
2024-07-08,Karachi,Maize,1294,1617,1455,Medium
2024-07-08,Karachi,Sugarcane,1218,1714,1466,Low
2024-07-08,Karachi,Cotton,1849,2464,2156,High
2024-07-08,Karachi,Vegetables,1362,2103,1732,Low
2024-07-08,Peshawar,Wheat,1597,2253,1925,Medium
2024-07-08,Peshawar,Rice,1789,2232,2010,Medium
2024-07-08,Peshawar,Maize,1342,1962,1652,High
2024-07-08,Peshawar,Sugarcane,1249,1550,1399,Medium
2024-07-08,Peshawar,Cotton,1501,1760,1630,High
2024-07-08,Peshawar,Vegetables,1451,1816,1633,Medium
2024-07-08,Quetta,Wheat,1507,2177,1842,Low
2024-07-08,Quetta,Rice,1201,1404,1302,Low
2024-07-08,Quetta,Maize,2404,2894,2649,Low
2024-07-08,Quetta,Sugarcane,1969,2552,2260,High
2024-07-08,Quetta,Cotton,2235,2555,2395,Medium
2024-07-08,Quetta,Vegetables,2397,2649,2523,High
2024-07-15,Lahore,Wheat,1426,2103,1764,Medium
2024-07-15,Lahore,Rice,2416,3120,2768,High
2024-07-15,Lahore,Maize,1049,1261,1155,Low
2024-07-15,Lahore,Sugarcane,2108,2888,2498,Low
2024-07-15,Lahore,Cotton,2439,3146,2792,Medium
2024-07-15,Lahore,Vegetables,2464,2880,2672,Medium
2024-07-15,Multan,Wheat,2314,2577,2445,Medium
2024-07-15,Multan,Rice,1602,2244,1923,High
2024-07-15,Multan,Maize,1995,2626,2310,Low
2024-07-15,Multan,Sugarcane,2392,2691,2541,Low
2024-07-15,Multan,Cotton,2325,2776,2550,High
2024-07-15,Multan,Vegetables,1831,2268,2049,Medium
2024-07-15,Faisalabad,Wheat,2298,2873,2585,Low
2024-07-15,Faisalabad,Rice,2436,3049,2742,Low
2024-07-15,Faisalabad,Maize,1567,2216,1891,Low
2024-07-15,Faisalabad,Sugarcane,2214,2510,2362,Medium
2024-07-15,Faisalabad,Cotton,2170,2600,2385,Low
2024-07-15,Faisalabad,Vegetables,1016,1577,1296,High
2024-07-15,Karachi,Wheat,2260,2804,2532,Low
2024-07-15,Karachi,Rice,2129,2580,2354,Medium
2024-07-15,Karachi,Maize,2468,2699,2583,Medium
2024-07-15,Karachi,Sugarcane,1703,2000,1851,Low
2024-07-15,Karachi,Cotton,1389,1593,1491,High
2024-07-15,Karachi,Vegetables,1042,1328,1185,Low
2024-07-15,Peshawar,Wheat,2349,2579,2464,Medium
2024-07-15,Peshawar,Rice,1699,2289,1994,High
2024-07-15,Peshawar,Maize,1257,1470,1363,Medium
2024-07-15,Peshawar,Sugarcane,1215,1755,1485,High
2024-07-15,Peshawar,Cotton,2208,2412,2310,Low
2024-07-15,Peshawar,Vegetables,1792,2344,2068,Low
2024-07-15,Quetta,Wheat,1738,2433,2085,Low
2024-07-15,Quetta,Rice,2203,2825,2514,High
2024-07-15,Quetta,Maize,1216,1878,1547,High
2024-07-15,Quetta,Sugarcane,1945,2652,2298,Low
2024-07-15,Quetta,Cotton,1015,1521,1268,Medium
2024-07-15,Quetta,Vegetables,1804,2375,2089,Medium
2024-07-22,Lahore,Wheat,2280,2902,2591,Low
2024-07-22,Lahore,Rice,1281,2038,1659,Low
2024-07-22,Lahore,Maize,1472,2114,1793,High
2024-07-22,Lahore,Sugarcane,2084,2657,2370,Low
2024-07-22,Lahore,Cotton,1472,2145,1808,Low
2024-07-22,Lahore,Vegetables,1824,2445,2134,Medium
2024-07-22,Multan,Wheat,1925,2718,2321,Low
2024-07-22,Multan,Rice,1596,2025,1810,Low
2024-07-22,Multan,Maize,2393,2780,2586,Medium
2024-07-22,Multan,Sugarcane,2114,2891,2502,Medium
2024-07-22,Multan,Cotton,1872,2093,1982,Low
2024-07-22,Multan,Vegetables,1465,1930,1697,Medium
2024-07-22,Faisalabad,Wheat,1034,1395,1214,Medium
2024-07-22,Faisalabad,Rice,1591,2334,1962,High
2024-07-22,Faisalabad,Maize,1704,1954,1829,Medium
2024-07-22,Faisalabad,Sugarcane,1315,1553,1434,Medium
2024-07-22,Faisalabad,Cotton,1396,2038,1717,Low
2024-07-22,Faisalabad,Vegetables,1741,2192,1966,Medium
2024-07-22,Karachi,Wheat,2345,2797,2571,Low
2024-07-22,Karachi,Rice,1863,2286,2074,Low
2024-07-22,Karachi,Maize,1465,2038,1751,Low
2024-07-22,Karachi,Sugarcane,2179,2756,2467,High
2024-07-22,Karachi,Cotton,1989,2690,2339,Medium
2024-07-22,Karachi,Vegetables,2218,2838,2528,Medium
2024-07-22,Peshawar,Wheat,1846,2601,2223,Low
2024-07-22,Peshawar,Rice,1066,1625,1345,Medium
2024-07-22,Peshawar,Maize,2414,2671,2542,High
2024-07-22,Peshawar,Sugarcane,2003,2572,2287,High
2024-07-22,Peshawar,Cotton,1578,2124,1851,Medium
2024-07-22,Peshawar,Vegetables,2107,2825,2466,Medium
2024-07-22,Quetta,Wheat,2463,2772,2617,Medium
2024-07-22,Quetta,Rice,1936,2509,2222,Low
2024-07-22,Quetta,Maize,2492,2869,2680,Medium
2024-07-22,Quetta,Sugarcane,1333,1568,1450,Medium
2024-07-22,Quetta,Cotton,1224,1661,1442,High
2024-07-22,Quetta,Vegetables,2300,3090,2695,Medium
2024-07-29,Lahore,Wheat,2242,2528,2385,High
2024-07-29,Lahore,Rice,2437,3035,2736,Low
2024-07-29,Lahore,Maize,2250,2476,2363,Medium
2024-07-29,Lahore,Sugarcane,1928,2186,2057,Low
2024-07-29,Lahore,Cotton,2463,2879,2671,Low
2024-07-29,Lahore,Vegetables,1296,2040,1668,High
2024-07-29,Multan,Wheat,1548,1793,1670,Low
2024-07-29,Multan,Rice,2495,3292,2893,Medium
2024-07-29,Multan,Maize,1185,1820,1502,High
2024-07-29,Multan,Sugarcane,2340,2826,2583,Low
2024-07-29,Multan,Cotton,1115,1410,1262,Low
2024-07-29,Multan,Vegetables,1070,1273,1171,High
2024-07-29,Faisalabad,Wheat,1534,2074,1804,Medium
2024-07-29,Faisalabad,Rice,2342,3069,2705,High
2024-07-29,Faisalabad,Maize,2416,3070,2743,Medium
2024-07-29,Faisalabad,Sugarcane,1340,1908,1624,Medium
2024-07-29,Faisalabad,Cotton,2415,2932,2673,High
2024-07-29,Faisalabad,Vegetables,2019,2437,2228,High
2024-07-29,Karachi,Wheat,1889,2630,2259,Medium
2024-07-29,Karachi,Rice,2059,2295,2177,Low
2024-07-29,Karachi,Maize,1410,1797,1603,Low
2024-07-29,Karachi,Sugarcane,2381,2958,2669,Low
2024-07-29,Karachi,Cotton,1538,2253,1895,Medium
2024-07-29,Karachi,Vegetables,1466,2031,1748,Low
2024-07-29,Peshawar,Wheat,1132,1685,1408,Low
2024-07-29,Peshawar,Rice,1898,2694,2296,Low
2024-07-29,Peshawar,Maize,2338,3034,2686,Medium
2024-07-29,Peshawar,Sugarcane,1521,1800,1660,High
2024-07-29,Peshawar,Cotton,1029,1541,1285,Low
2024-07-29,Peshawar,Vegetables,1197,1883,1540,Medium
2024-07-29,Quetta,Wheat,2444,2661,2552,Medium
2024-07-29,Quetta,Rice,2106,2888,2497,Low
2024-07-29,Quetta,Maize,2030,2623,2326,High
2024-07-29,Quetta,Sugarcane,1949,2500,2224,Low
2024-07-29,Quetta,Cotton,1034,1566,1300,High
2024-07-29,Quetta,Vegetables,1389,2065,1727,Low
2024-08-05,Lahore,Wheat,2202,2532,2367,Low
2024-08-05,Lahore,Rice,1716,2462,2089,Low
2024-08-05,Lahore,Maize,1815,2496,2155,Medium
2024-08-05,Lahore,Sugarcane,1619,1833,1726,High
2024-08-05,Lahore,Cotton,1074,1733,1403,High
2024-08-05,Lahore,Vegetables,2019,2252,2135,Low
2024-08-05,Multan,Wheat,2111,2622,2366,Medium
2024-08-05,Multan,Rice,1108,1791,1449,Medium
2024-08-05,Multan,Maize,2169,2393,2281,Medium
2024-08-05,Multan,Sugarcane,1022,1528,1275,Low
2024-08-05,Multan,Cotton,1536,1975,1755,Medium
2024-08-05,Multan,Vegetables,1009,1460,1234,High
2024-08-05,Faisalabad,Wheat,1302,1509,1405,Medium
2024-08-05,Faisalabad,Rice,2341,2769,2555,Medium
2024-08-05,Faisalabad,Maize,2293,2670,2481,High
2024-08-05,Faisalabad,Sugarcane,1957,2202,2079,Medium
2024-08-05,Faisalabad,Cotton,1166,1805,1485,Low
2024-08-05,Faisalabad,Vegetables,1361,1871,1616,Low
2024-08-05,Karachi,Wheat,1831,2544,2187,High
2024-08-05,Karachi,Rice,1436,1813,1624,Low
2024-08-05,Karachi,Maize,1027,1814,1420,High
2024-08-05,Karachi,Sugarcane,2193,2951,2572,High
2024-08-05,Karachi,Cotton,1720,2466,2093,Low
2024-08-05,Karachi,Vegetables,2355,2904,2629,High
2024-08-05,Peshawar,Wheat,1935,2340,2137,Medium
2024-08-05,Peshawar,Rice,1768,2242,2005,High
2024-08-05,Peshawar,Maize,1329,2099,1714,Low
2024-08-05,Peshawar,Sugarcane,1381,2030,1705,Low
2024-08-05,Peshawar,Cotton,1709,2482,2095,High
2024-08-05,Peshawar,Vegetables,1010,1722,1366,High
2024-08-05,Quetta,Wheat,2379,2944,2661,High
2024-08-05,Quetta,Rice,2231,2498,2364,Low
2024-08-05,Quetta,Maize,1507,1772,1639,Medium
2024-08-05,Quetta,Sugarcane,2400,2773,2586,Low
2024-08-05,Quetta,Cotton,1941,2562,2251,Medium
2024-08-05,Quetta,Vegetables,1509,1954,1731,High
2024-08-12,Lahore,Wheat,1059,1329,1194,Medium
2024-08-12,Lahore,Rice,2199,2969,2584,High
2024-08-12,Lahore,Maize,1737,2295,2016,Medium
2024-08-12,Lahore,Sugarcane,2425,2976,2700,High
2024-08-12,Lahore,Cotton,2168,2735,2451,Medium
2024-08-12,Lahore,Vegetables,1969,2487,2228,Low
2024-08-12,Multan,Wheat,1259,2059,1659,High
2024-08-12,Multan,Rice,2384,2837,2610,Low
2024-08-12,Multan,Maize,1948,2507,2227,Low
2024-08-12,Multan,Sugarcane,1444,2069,1756,Low
2024-08-12,Multan,Cotton,1870,2396,2133,High
2024-08-12,Multan,Vegetables,1569,1942,1755,High
2024-08-12,Faisalabad,Wheat,2169,2607,2388,High
2024-08-12,Faisalabad,Rice,2386,2892,2639,Medium
2024-08-12,Faisalabad,Maize,1304,1874,1589,Medium
2024-08-12,Faisalabad,Sugarcane,1883,2637,2260,Medium
2024-08-12,Faisalabad,Cotton,1470,1699,1584,High
2024-08-12,Faisalabad,Vegetables,1059,1726,1392,Low
2024-08-12,Karachi,Wheat,1413,2175,1794,High
2024-08-12,Karachi,Rice,1600,2358,1979,Medium
2024-08-12,Karachi,Maize,2325,2644,2484,Low
2024-08-12,Karachi,Sugarcane,1228,1906,1567,Low
2024-08-12,Karachi,Cotton,1807,2605,2206,High
2024-08-12,Karachi,Vegetables,2063,2507,2285,High
2024-08-12,Peshawar,Wheat,1796,2143,1969,Low
2024-08-12,Peshawar,Rice,2197,2498,2347,Medium
2024-08-12,Peshawar,Maize,1548,2317,1932,Medium
2024-08-12,Peshawar,Sugarcane,1311,1932,1621,High
2024-08-12,Peshawar,Cotton,2170,2969,2569,Low
2024-08-12,Peshawar,Vegetables,1139,1778,1458,Low
2024-08-12,Quetta,Wheat,2013,2724,2368,High
2024-08-12,Quetta,Rice,1191,1648,1419,High
2024-08-12,Quetta,Maize,1088,1772,1430,High
2024-08-12,Quetta,Sugarcane,1642,1905,1773,Medium
2024-08-12,Quetta,Cotton,1000,1322,1161,Low
2024-08-12,Quetta,Vegetables,1060,1388,1224,Medium
2024-08-19,Lahore,Wheat,1220,1619,1419,High
2024-08-19,Lahore,Rice,1097,1301,1199,Low
2024-08-19,Lahore,Maize,2438,3207,2822,High
2024-08-19,Lahore,Sugarcane,1510,2216,1863,Low
2024-08-19,Lahore,Cotton,1113,1542,1327,Medium
2024-08-19,Lahore,Vegetables,1990,2257,2123,Medium
2024-08-19,Multan,Wheat,2094,2558,2326,Medium
2024-08-19,Multan,Rice,1177,1928,1552,Low
2024-08-19,Multan,Maize,2224,2449,2336,Medium
2024-08-19,Multan,Sugarcane,2316,2962,2639,High
2024-08-19,Multan,Cotton,2159,2720,2439,Low
2024-08-19,Multan,Vegetables,1611,2220,1915,High
2024-08-19,Faisalabad,Wheat,1555,2235,1895,Low
2024-08-19,Faisalabad,Rice,2020,2423,2221,Low
2024-08-19,Faisalabad,Maize,1639,2296,1967,Medium
2024-08-19,Faisalabad,Sugarcane,1113,1473,1293,Low
2024-08-19,Faisalabad,Cotton,1623,1856,1739,Medium
2024-08-19,Faisalabad,Vegetables,2443,3080,2761,Low
2024-08-19,Karachi,Wheat,1034,1603,1318,Low
2024-08-19,Karachi,Rice,2229,2923,2576,Low
2024-08-19,Karachi,Maize,1614,1966,1790,Medium
2024-08-19,Karachi,Sugarcane,1869,2407,2138,Low
2024-08-19,Karachi,Cotton,1045,1426,1235,Medium
2024-08-19,Karachi,Vegetables,1284,1611,1447,Low
2024-08-19,Peshawar,Wheat,1594,2392,1993,Low
2024-08-19,Peshawar,Rice,1514,2283,1898,Medium
2024-08-19,Peshawar,Maize,2316,2976,2646,Medium
2024-08-19,Peshawar,Sugarcane,2045,2436,2240,Low
2024-08-19,Peshawar,Cotton,2043,2405,2224,Medium
2024-08-19,Peshawar,Vegetables,1086,1850,1468,Medium
2024-08-19,Quetta,Wheat,2381,3028,2704,Medium
2024-08-19,Quetta,Rice,1672,2394,2033,High
2024-08-19,Quetta,Maize,1889,2427,2158,Medium
2024-08-19,Quetta,Sugarcane,1109,1712,1410,Low
2024-08-19,Quetta,Cotton,1874,2649,2261,High
2024-08-19,Quetta,Vegetables,2166,2681,2423,Low
2024-08-26,Lahore,Wheat,1642,2074,1858,High
2024-08-26,Lahore,Rice,2165,2686,2425,High
2024-08-26,Lahore,Maize,1895,2480,2187,Medium
2024-08-26,Lahore,Sugarcane,1494,2199,1846,Medium
2024-08-26,Lahore,Cotton,1743,2367,2055,High
2024-08-26,Lahore,Vegetables,1076,1288,1182,Medium
2024-08-26,Multan,Wheat,1457,2169,1813,Medium
2024-08-26,Multan,Rice,1291,2041,1666,High
2024-08-26,Multan,Maize,2302,2760,2531,High
2024-08-26,Multan,Sugarcane,1929,2346,2137,High
2024-08-26,Multan,Cotton,1287,1932,1609,Medium
2024-08-26,Multan,Vegetables,2254,2740,2497,Low
2024-08-26,Faisalabad,Wheat,2181,2955,2568,Low
2024-08-26,Faisalabad,Rice,2006,2535,2270,Low
2024-08-26,Faisalabad,Maize,1198,1995,1596,High
2024-08-26,Faisalabad,Sugarcane,1227,1557,1392,Medium
2024-08-26,Faisalabad,Cotton,1938,2675,2306,Low
2024-08-26,Faisalabad,Vegetables,1787,2115,1951,Low
2024-08-26,Karachi,Wheat,1475,2139,1807,Low
2024-08-26,Karachi,Rice,1480,1694,1587,Low
2024-08-26,Karachi,Maize,1281,1632,1456,Medium
2024-08-26,Karachi,Sugarcane,1476,2003,1739,Medium
2024-08-26,Karachi,Cotton,1802,2218,2010,High
2024-08-26,Karachi,Vegetables,1443,2075,1759,High
2024-08-26,Peshawar,Wheat,2349,3007,2678,Low
2024-08-26,Peshawar,Rice,1882,2243,2062,Medium
2024-08-26,Peshawar,Maize,2082,2823,2452,Low
2024-08-26,Peshawar,Sugarcane,1362,1645,1503,Low
2024-08-26,Peshawar,Cotton,1252,1635,1443,Low
2024-08-26,Peshawar,Vegetables,1074,1583,1328,Medium
2024-08-26,Quetta,Wheat,1030,1393,1211,Medium
2024-08-26,Quetta,Rice,1213,1784,1498,Low
2024-08-26,Quetta,Maize,2064,2689,2376,Low
2024-08-26,Quetta,Sugarcane,1055,1696,1375,Medium
2024-08-26,Quetta,Cotton,1885,2186,2035,Low
2024-08-26,Quetta,Vegetables,2444,2835,2639,High
2024-09-02,Lahore,Wheat,1007,1727,1367,Medium
2024-09-02,Lahore,Rice,1116,1489,1302,High
2024-09-02,Lahore,Maize,1799,2574,2186,Medium
2024-09-02,Lahore,Sugarcane,1079,1298,1188,Low
2024-09-02,Lahore,Cotton,2471,2970,2720,Low
2024-09-02,Lahore,Vegetables,2361,2864,2612,Low
2024-09-02,Multan,Wheat,1360,1710,1535,Medium
2024-09-02,Multan,Rice,2171,2828,2499,Medium
2024-09-02,Multan,Maize,1409,1609,1509,High
2024-09-02,Multan,Sugarcane,2379,3043,2711,Medium
2024-09-02,Multan,Cotton,1350,1820,1585,Medium
2024-09-02,Multan,Vegetables,2198,2428,2313,High
2024-09-02,Faisalabad,Wheat,1913,2579,2246,Low
2024-09-02,Faisalabad,Rice,2329,2979,2654,Low
2024-09-02,Faisalabad,Maize,2417,2986,2701,Low
2024-09-02,Faisalabad,Sugarcane,2091,2674,2382,Low
2024-09-02,Faisalabad,Cotton,1572,2295,1933,Low
2024-09-02,Faisalabad,Vegetables,2287,2985,2636,Low
2024-09-02,Karachi,Wheat,1097,1586,1341,High
2024-09-02,Karachi,Rice,1994,2639,2316,Low
2024-09-02,Karachi,Maize,1217,1643,1430,High
2024-09-02,Karachi,Sugarcane,1465,2015,1740,Medium
2024-09-02,Karachi,Cotton,1607,2180,1893,Low
2024-09-02,Karachi,Vegetables,1677,1911,1794,Medium
2024-09-02,Peshawar,Wheat,1156,1416,1286,Medium
2024-09-02,Peshawar,Rice,2225,2608,2416,Low
2024-09-02,Peshawar,Maize,2221,2442,2331,Medium
2024-09-02,Peshawar,Sugarcane,1647,1861,1754,Low
2024-09-02,Peshawar,Cotton,1886,2121,2003,Medium
2024-09-02,Peshawar,Vegetables,1415,1888,1651,Low
2024-09-02,Quetta,Wheat,1603,2311,1957,High
2024-09-02,Quetta,Rice,1827,2303,2065,High
2024-09-02,Quetta,Maize,2299,2806,2552,Low
2024-09-02,Quetta,Sugarcane,2063,2490,2276,Medium
2024-09-02,Quetta,Cotton,2208,2733,2470,High
2024-09-02,Quetta,Vegetables,2170,2439,2304,Low
2024-09-09,Lahore,Wheat,1057,1553,1305,Low
2024-09-09,Lahore,Rice,1396,1640,1518,Low
2024-09-09,Lahore,Maize,1768,2099,1933,Low
2024-09-09,Lahore,Sugarcane,1149,1471,1310,Low
2024-09-09,Lahore,Cotton,1110,1523,1316,High
2024-09-09,Lahore,Vegetables,1229,2014,1621,Medium
2024-09-09,Multan,Wheat,1339,1832,1585,Low
2024-09-09,Multan,Rice,1522,1728,1625,High
2024-09-09,Multan,Maize,1122,1416,1269,Low
2024-09-09,Multan,Sugarcane,1478,1952,1715,High
2024-09-09,Multan,Cotton,1571,2155,1863,Low
2024-09-09,Multan,Vegetables,1798,2132,1965,High
2024-09-09,Faisalabad,Wheat,2233,2648,2440,Medium
2024-09-09,Faisalabad,Rice,1134,1708,1421,High
2024-09-09,Faisalabad,Maize,1502,1765,1633,High
2024-09-09,Faisalabad,Sugarcane,1517,2073,1795,Medium
2024-09-09,Faisalabad,Cotton,2298,2887,2592,Medium
2024-09-09,Faisalabad,Vegetables,1785,2096,1940,Low
2024-09-09,Karachi,Wheat,2107,2592,2349,Medium
2024-09-09,Karachi,Rice,2082,2804,2443,Low
2024-09-09,Karachi,Maize,1665,2038,1851,Medium
2024-09-09,Karachi,Sugarcane,1755,2250,2002,Low
2024-09-09,Karachi,Cotton,2389,2594,2491,High
2024-09-09,Karachi,Vegetables,2416,2640,2528,Medium
2024-09-09,Peshawar,Wheat,2144,2884,2514,Medium
2024-09-09,Peshawar,Rice,2299,2969,2634,Medium
2024-09-09,Peshawar,Maize,1016,1282,1149,Low
2024-09-09,Peshawar,Sugarcane,1740,2190,1965,Low
2024-09-09,Peshawar,Cotton,1095,1460,1277,Medium
2024-09-09,Peshawar,Vegetables,1070,1811,1440,Medium
2024-09-09,Quetta,Wheat,1183,1584,1383,Low
2024-09-09,Quetta,Rice,1642,1945,1793,Low
2024-09-09,Quetta,Maize,1444,2099,1771,High
2024-09-09,Quetta,Sugarcane,1228,1962,1595,Low
2024-09-09,Quetta,Cotton,2467,2677,2572,Medium
2024-09-09,Quetta,Vegetables,1139,1896,1517,Medium
2024-09-16,Lahore,Wheat,1386,2026,1706,Low
2024-09-16,Lahore,Rice,2314,2964,2639,Low
2024-09-16,Lahore,Maize,1528,2132,1830,Low
2024-09-16,Lahore,Sugarcane,1606,2326,1966,Low
2024-09-16,Lahore,Cotton,1502,1923,1712,High
2024-09-16,Lahore,Vegetables,2299,3082,2690,Low
2024-09-16,Multan,Wheat,2064,2764,2414,High
2024-09-16,Multan,Rice,1038,1571,1304,Medium
2024-09-16,Multan,Maize,1056,1496,1276,High
2024-09-16,Multan,Sugarcane,1297,2049,1673,High
2024-09-16,Multan,Cotton,1723,2317,2020,Low
2024-09-16,Multan,Vegetables,1457,1696,1576,Medium
2024-09-16,Faisalabad,Wheat,2013,2716,2364,Medium
2024-09-16,Faisalabad,Rice,2343,2659,2501,Low
2024-09-16,Faisalabad,Maize,1813,2104,1958,High
2024-09-16,Faisalabad,Sugarcane,1115,1886,1500,Medium
2024-09-16,Faisalabad,Cotton,1149,1474,1311,High
2024-09-16,Faisalabad,Vegetables,1248,1657,1452,Medium
2024-09-16,Karachi,Wheat,1405,1630,1517,Medium
2024-09-16,Karachi,Rice,2186,2719,2452,High
2024-09-16,Karachi,Maize,2475,2763,2619,Medium
2024-09-16,Karachi,Sugarcane,1469,2254,1861,Low
2024-09-16,Karachi,Cotton,2399,2793,2596,High
2024-09-16,Karachi,Vegetables,1459,2249,1854,High
2024-09-16,Peshawar,Wheat,2420,2686,2553,High
2024-09-16,Peshawar,Rice,1004,1652,1328,Medium
2024-09-16,Peshawar,Maize,1593,1945,1769,Medium
2024-09-16,Peshawar,Sugarcane,2299,2545,2422,High
2024-09-16,Peshawar,Cotton,2076,2751,2413,Low
2024-09-16,Peshawar,Vegetables,1257,1864,1560,Medium
2024-09-16,Quetta,Wheat,2461,3128,2794,High
2024-09-16,Quetta,Rice,1111,1810,1460,Medium
2024-09-16,Quetta,Maize,2194,2652,2423,High
2024-09-16,Quetta,Sugarcane,1562,2030,1796,Low
2024-09-16,Quetta,Cotton,1479,2170,1824,Medium
2024-09-16,Quetta,Vegetables,1392,1700,1546,High
2024-09-23,Lahore,Wheat,1396,2186,1791,Low
2024-09-23,Lahore,Rice,1250,1524,1387,Medium
2024-09-23,Lahore,Maize,2185,2789,2487,Low
2024-09-23,Lahore,Sugarcane,1503,1834,1668,Medium
2024-09-23,Lahore,Cotton,1810,2066,1938,High
2024-09-23,Lahore,Vegetables,1337,1788,1562,Medium
2024-09-23,Multan,Wheat,1420,1652,1536,High
2024-09-23,Multan,Rice,2300,2641,2470,Low
2024-09-23,Multan,Maize,1085,1428,1256,High
2024-09-23,Multan,Sugarcane,1151,1794,1472,Medium
2024-09-23,Multan,Cotton,2059,2606,2332,Medium
2024-09-23,Multan,Vegetables,1069,1570,1319,Medium
2024-09-23,Faisalabad,Wheat,1006,1619,1312,Low
2024-09-23,Faisalabad,Rice,1888,2102,1995,High
2024-09-23,Faisalabad,Maize,2092,2712,2402,High
2024-09-23,Faisalabad,Sugarcane,1656,2248,1952,Low
2024-09-23,Faisalabad,Cotton,2073,2833,2453,Medium
2024-09-23,Faisalabad,Vegetables,1195,1811,1503,Low
2024-09-23,Karachi,Wheat,1363,1646,1504,Medium
2024-09-23,Karachi,Rice,1416,2021,1718,Low
2024-09-23,Karachi,Maize,1535,2153,1844,High
2024-09-23,Karachi,Sugarcane,1123,1573,1348,High
2024-09-23,Karachi,Cotton,1895,2210,2052,Low
2024-09-23,Karachi,Vegetables,2064,2598,2331,Medium
2024-09-23,Peshawar,Wheat,1232,1889,1560,High
2024-09-23,Peshawar,Rice,2127,2797,2462,Low
2024-09-23,Peshawar,Maize,1836,2308,2072,High
2024-09-23,Peshawar,Sugarcane,1434,1812,1623,High
2024-09-23,Peshawar,Cotton,1426,2185,1805,Medium
2024-09-23,Peshawar,Vegetables,2436,2975,2705,High
2024-09-23,Quetta,Wheat,2377,2728,2552,Low
2024-09-23,Quetta,Rice,2014,2661,2337,High
2024-09-23,Quetta,Maize,1886,2513,2199,High
2024-09-23,Quetta,Sugarcane,1673,2268,1970,Medium
2024-09-23,Quetta,Cotton,1227,1936,1581,High
2024-09-23,Quetta,Vegetables,1754,2111,1932,Medium
2024-09-30,Lahore,Wheat,2072,2759,2415,Low
2024-09-30,Lahore,Rice,1819,2271,2045,High
2024-09-30,Lahore,Maize,1172,1507,1339,Low
2024-09-30,Lahore,Sugarcane,1749,2346,2047,Low
2024-09-30,Lahore,Cotton,2124,2599,2361,Low
2024-09-30,Lahore,Vegetables,2085,2288,2186,Low
2024-09-30,Multan,Wheat,1696,2123,1909,Medium
2024-09-30,Multan,Rice,2213,2450,2331,Medium
2024-09-30,Multan,Maize,1671,2138,1904,Medium
2024-09-30,Multan,Sugarcane,1212,1757,1484,Low
2024-09-30,Multan,Cotton,1473,2019,1746,High
2024-09-30,Multan,Vegetables,1643,2314,1978,Medium
2024-09-30,Faisalabad,Wheat,2032,2320,2176,High
2024-09-30,Faisalabad,Rice,1266,1607,1436,Low
2024-09-30,Faisalabad,Maize,1740,2139,1939,Medium
2024-09-30,Faisalabad,Sugarcane,2091,2709,2400,Low
2024-09-30,Faisalabad,Cotton,1750,2041,1895,Medium
2024-09-30,Faisalabad,Vegetables,1760,2062,1911,Low
2024-09-30,Karachi,Wheat,1209,1811,1510,High
2024-09-30,Karachi,Rice,1062,1664,1363,Medium
2024-09-30,Karachi,Maize,1422,1970,1696,High
2024-09-30,Karachi,Sugarcane,2126,2774,2450,High
2024-09-30,Karachi,Cotton,1703,1992,1847,Low
2024-09-30,Karachi,Vegetables,2356,2867,2611,Medium
2024-09-30,Peshawar,Wheat,1849,2091,1970,Medium
2024-09-30,Peshawar,Rice,1455,1915,1685,Medium
2024-09-30,Peshawar,Maize,2263,2754,2508,Medium
2024-09-30,Peshawar,Sugarcane,1376,1904,1640,Medium
2024-09-30,Peshawar,Cotton,1556,1768,1662,Low
2024-09-30,Peshawar,Vegetables,2398,2632,2515,Medium
2024-09-30,Quetta,Wheat,1944,2704,2324,Low
2024-09-30,Quetta,Rice,1114,1425,1269,Low
2024-09-30,Quetta,Maize,1059,1315,1187,Medium
2024-09-30,Quetta,Sugarcane,1146,1472,1309,High
2024-09-30,Quetta,Cotton,2339,2978,2658,High
2024-09-30,Quetta,Vegetables,1594,2063,1828,High
2024-10-07,Lahore,Wheat,1724,2115,1919,Low
2024-10-07,Lahore,Rice,2430,2700,2565,Medium
2024-10-07,Lahore,Maize,1011,1342,1176,Low
2024-10-07,Lahore,Sugarcane,1805,2321,2063,Low
2024-10-07,Lahore,Cotton,1881,2577,2229,Low
2024-10-07,Lahore,Vegetables,1739,2244,1991,High
2024-10-07,Multan,Wheat,2449,2904,2676,Medium
2024-10-07,Multan,Rice,1235,1656,1445,Low
2024-10-07,Multan,Maize,1946,2508,2227,Low
2024-10-07,Multan,Sugarcane,2374,3150,2762,Low
2024-10-07,Multan,Cotton,1543,2232,1887,High
2024-10-07,Multan,Vegetables,1487,2178,1832,Low
2024-10-07,Faisalabad,Wheat,2165,2625,2395,High
2024-10-07,Faisalabad,Rice,1191,1464,1327,High
2024-10-07,Faisalabad,Maize,1524,2030,1777,Low
2024-10-07,Faisalabad,Sugarcane,1922,2639,2280,High
2024-10-07,Faisalabad,Cotton,1829,2449,2139,Low
2024-10-07,Faisalabad,Vegetables,1449,2093,1771,High
2024-10-07,Karachi,Wheat,1568,2292,1930,Low
2024-10-07,Karachi,Rice,2413,2749,2581,Low
2024-10-07,Karachi,Maize,1502,1855,1678,High
2024-10-07,Karachi,Sugarcane,1264,1666,1465,High
2024-10-07,Karachi,Cotton,2248,2805,2526,Low
2024-10-07,Karachi,Vegetables,1526,2311,1918,High
2024-10-07,Peshawar,Wheat,1664,2220,1942,High
2024-10-07,Peshawar,Rice,1524,2010,1767,Medium
2024-10-07,Peshawar,Maize,1321,1729,1525,Low
2024-10-07,Peshawar,Sugarcane,2206,2872,2539,Low
2024-10-07,Peshawar,Cotton,1372,1866,1619,Medium
2024-10-07,Peshawar,Vegetables,2104,2851,2477,High
2024-10-07,Quetta,Wheat,1371,1947,1659,Medium
2024-10-07,Quetta,Rice,1469,2141,1805,Low
2024-10-07,Quetta,Maize,1495,1873,1684,Low
2024-10-07,Quetta,Sugarcane,2186,2938,2562,Medium
2024-10-07,Quetta,Cotton,1767,2517,2142,Medium
2024-10-07,Quetta,Vegetables,1026,1691,1358,High
2024-10-14,Lahore,Wheat,1268,1477,1372,Medium
2024-10-14,Lahore,Rice,1781,2158,1969,High
2024-10-14,Lahore,Maize,2013,2664,2338,High
2024-10-14,Lahore,Sugarcane,2318,2561,2439,High
2024-10-14,Lahore,Cotton,1838,2440,2139,Low
2024-10-14,Lahore,Vegetables,1824,2523,2173,Medium
2024-10-14,Multan,Wheat,1625,2330,1977,Medium
2024-10-14,Multan,Rice,1884,2606,2245,Medium
2024-10-14,Multan,Maize,1566,1940,1753,Low
2024-10-14,Multan,Sugarcane,2326,2898,2612,Medium
2024-10-14,Multan,Cotton,1719,2219,1969,Low
2024-10-14,Multan,Vegetables,1424,2205,1814,High
2024-10-14,Faisalabad,Wheat,1923,2201,2062,High
2024-10-14,Faisalabad,Rice,1569,1980,1774,Low
2024-10-14,Faisalabad,Maize,2469,2929,2699,Medium
2024-10-14,Faisalabad,Sugarcane,2469,2739,2604,High
2024-10-14,Faisalabad,Cotton,2464,2705,2584,Medium
2024-10-14,Faisalabad,Vegetables,2488,3163,2825,Low
2024-10-14,Karachi,Wheat,1175,1588,1381,Medium
2024-10-14,Karachi,Rice,2394,3172,2783,Medium
2024-10-14,Karachi,Maize,1659,2207,1933,High
2024-10-14,Karachi,Sugarcane,2478,3271,2874,Low
2024-10-14,Karachi,Cotton,1395,2066,1730,High
2024-10-14,Karachi,Vegetables,2401,3047,2724,Low
2024-10-14,Peshawar,Wheat,1114,1637,1375,High
2024-10-14,Peshawar,Rice,1497,2018,1757,Low
2024-10-14,Peshawar,Maize,1613,2412,2012,High
2024-10-14,Peshawar,Sugarcane,2411,2792,2601,Low
2024-10-14,Peshawar,Cotton,1982,2651,2316,High
2024-10-14,Peshawar,Vegetables,1073,1727,1400,Low
2024-10-14,Quetta,Wheat,2245,2809,2527,Low
2024-10-14,Quetta,Rice,1461,2218,1839,Low
2024-10-14,Quetta,Maize,2249,2952,2600,Medium
2024-10-14,Quetta,Sugarcane,2096,2644,2370,High
2024-10-14,Quetta,Cotton,1738,2373,2055,Medium
2024-10-14,Quetta,Vegetables,1152,1810,1481,High
2024-10-21,Lahore,Wheat,1779,2025,1902,Low
2024-10-21,Lahore,Rice,2292,2588,2440,Low
2024-10-21,Lahore,Maize,1016,1788,1402,High
2024-10-21,Lahore,Sugarcane,1197,1470,1333,Low
2024-10-21,Lahore,Cotton,1284,1914,1599,High
2024-10-21,Lahore,Vegetables,2494,2846,2670,Low
2024-10-21,Multan,Wheat,1499,2150,1824,High
2024-10-21,Multan,Rice,2206,2884,2545,High
2024-10-21,Multan,Maize,2221,2583,2402,High
2024-10-21,Multan,Sugarcane,1382,1941,1661,Medium
2024-10-21,Multan,Cotton,1882,2259,2070,Low
2024-10-21,Multan,Vegetables,1585,1912,1748,Low
2024-10-21,Faisalabad,Wheat,2084,2803,2443,High
2024-10-21,Faisalabad,Rice,1397,1920,1658,Medium
2024-10-21,Faisalabad,Maize,2089,2525,2307,High
2024-10-21,Faisalabad,Sugarcane,1679,2459,2069,Low
2024-10-21,Faisalabad,Cotton,2376,3137,2756,Low
2024-10-21,Faisalabad,Vegetables,1412,1951,1681,Low
2024-10-21,Karachi,Wheat,1272,1573,1422,Medium
2024-10-21,Karachi,Rice,1537,2265,1901,High
2024-10-21,Karachi,Maize,2267,2925,2596,High
2024-10-21,Karachi,Sugarcane,1377,2103,1740,Low
2024-10-21,Karachi,Cotton,1151,1860,1505,Low
2024-10-21,Karachi,Vegetables,2055,2530,2292,Medium
2024-10-21,Peshawar,Wheat,1753,2349,2051,High
2024-10-21,Peshawar,Rice,1243,2038,1640,Low
2024-10-21,Peshawar,Maize,1256,1732,1494,High
2024-10-21,Peshawar,Sugarcane,1545,1806,1675,Low
2024-10-21,Peshawar,Cotton,2108,2596,2352,Low
2024-10-21,Peshawar,Vegetables,2143,2432,2287,Low
2024-10-21,Quetta,Wheat,1155,1450,1302,Low
2024-10-21,Quetta,Rice,1579,2225,1902,Medium
2024-10-21,Quetta,Maize,1393,1712,1552,Medium
2024-10-21,Quetta,Sugarcane,2274,2674,2474,Medium
2024-10-21,Quetta,Cotton,2232,2618,2425,Low
2024-10-21,Quetta,Vegetables,1316,1700,1508,High
2024-10-28,Lahore,Wheat,1426,1914,1670,High
2024-10-28,Lahore,Rice,2282,2602,2442,Low
2024-10-28,Lahore,Maize,2318,2916,2617,High
2024-10-28,Lahore,Sugarcane,2255,2701,2478,Low
2024-10-28,Lahore,Cotton,1019,1727,1373,High
2024-10-28,Lahore,Vegetables,1491,2214,1852,Low
2024-10-28,Multan,Wheat,1704,2341,2022,Low
2024-10-28,Multan,Rice,1961,2736,2348,Medium
2024-10-28,Multan,Maize,2263,2588,2425,Medium
2024-10-28,Multan,Sugarcane,1142,1664,1403,High
2024-10-28,Multan,Cotton,2062,2377,2219,Low
2024-10-28,Multan,Vegetables,2406,2772,2589,High
2024-10-28,Faisalabad,Wheat,1949,2272,2110,High
2024-10-28,Faisalabad,Rice,1059,1269,1164,Low
2024-10-28,Faisalabad,Maize,2190,2605,2397,High
2024-10-28,Faisalabad,Sugarcane,1643,2110,1876,Low
2024-10-28,Faisalabad,Cotton,1031,1505,1268,Low
2024-10-28,Faisalabad,Vegetables,1155,1509,1332,Low
2024-10-28,Karachi,Wheat,1809,2426,2117,Medium
2024-10-28,Karachi,Rice,2081,2818,2449,High
2024-10-28,Karachi,Maize,1575,1917,1746,Medium
2024-10-28,Karachi,Sugarcane,1439,1675,1557,Medium
2024-10-28,Karachi,Cotton,2324,2618,2471,Medium
2024-10-28,Karachi,Vegetables,1742,2142,1942,Low
2024-10-28,Peshawar,Wheat,2215,2421,2318,High
2024-10-28,Peshawar,Rice,1112,1706,1409,Medium
2024-10-28,Peshawar,Maize,2241,2942,2591,High
2024-10-28,Peshawar,Sugarcane,1463,2004,1733,Low
2024-10-28,Peshawar,Cotton,1223,1544,1383,Low
2024-10-28,Peshawar,Vegetables,1024,1668,1346,Low
2024-10-28,Quetta,Wheat,1932,2725,2328,High
2024-10-28,Quetta,Rice,1600,1876,1738,Low
2024-10-28,Quetta,Maize,1195,1534,1364,Low
2024-10-28,Quetta,Sugarcane,1554,2121,1837,High
2024-10-28,Quetta,Cotton,1022,1607,1314,High
2024-10-28,Quetta,Vegetables,1077,1454,1265,Low
2024-11-04,Lahore,Wheat,2440,3233,2836,High
2024-11-04,Lahore,Rice,1193,1456,1324,Low
2024-11-04,Lahore,Maize,1373,2148,1760,Low
2024-11-04,Lahore,Sugarcane,1310,1571,1440,High
2024-11-04,Lahore,Cotton,1524,1842,1683,Medium
2024-11-04,Lahore,Vegetables,1378,1967,1672,Medium
2024-11-04,Multan,Wheat,2059,2521,2290,Low
2024-11-04,Multan,Rice,1959,2294,2126,Low
2024-11-04,Multan,Maize,2101,2881,2491,Low
2024-11-04,Multan,Sugarcane,1850,2246,2048,Low
2024-11-04,Multan,Cotton,2226,2651,2438,Low
2024-11-04,Multan,Vegetables,2247,2945,2596,Medium
2024-11-04,Faisalabad,Wheat,1987,2679,2333,Low
2024-11-04,Faisalabad,Rice,2034,2687,2360,Low
2024-11-04,Faisalabad,Maize,1618,2207,1912,High
2024-11-04,Faisalabad,Sugarcane,1293,1718,1505,High
2024-11-04,Faisalabad,Cotton,2480,3080,2780,Low
2024-11-04,Faisalabad,Vegetables,1569,2259,1914,High
2024-11-04,Karachi,Wheat,1485,1727,1606,Low
2024-11-04,Karachi,Rice,1102,1543,1322,High
2024-11-04,Karachi,Maize,1933,2693,2313,High
2024-11-04,Karachi,Sugarcane,1100,1757,1428,Medium
2024-11-04,Karachi,Cotton,1193,1787,1490,Medium
2024-11-04,Karachi,Vegetables,2137,2747,2442,High
2024-11-04,Peshawar,Wheat,2392,2834,2613,Medium
2024-11-04,Peshawar,Rice,1116,1840,1478,Medium
2024-11-04,Peshawar,Maize,1555,2319,1937,Medium
2024-11-04,Peshawar,Sugarcane,1613,1920,1766,High
2024-11-04,Peshawar,Cotton,1394,1992,1693,Low
2024-11-04,Peshawar,Vegetables,1759,2491,2125,High
2024-11-04,Quetta,Wheat,1482,1740,1611,High
2024-11-04,Quetta,Rice,2174,2776,2475,Medium
2024-11-04,Quetta,Maize,1020,1265,1142,Low
2024-11-04,Quetta,Sugarcane,1565,1918,1741,Medium
2024-11-04,Quetta,Cotton,1122,1616,1369,High
2024-11-04,Quetta,Vegetables,1575,1884,1729,High
2024-11-11,Lahore,Wheat,1040,1744,1392,High
2024-11-11,Lahore,Rice,1626,2215,1920,Medium
2024-11-11,Lahore,Maize,1484,1951,1717,High
2024-11-11,Lahore,Sugarcane,1078,1560,1319,Low
2024-11-11,Lahore,Cotton,2431,2735,2583,Low
2024-11-11,Lahore,Vegetables,1840,2186,2013,Low
2024-11-11,Multan,Wheat,2198,2426,2312,Medium
2024-11-11,Multan,Rice,1878,2559,2218,High
2024-11-11,Multan,Maize,1232,1878,1555,Medium
2024-11-11,Multan,Sugarcane,2051,2365,2208,Medium
2024-11-11,Multan,Cotton,1098,1323,1210,High
2024-11-11,Multan,Vegetables,1282,1696,1489,High
2024-11-11,Faisalabad,Wheat,1317,1937,1627,Low
2024-11-11,Faisalabad,Rice,1105,1735,1420,Medium
2024-11-11,Faisalabad,Maize,2121,2626,2373,High
2024-11-11,Faisalabad,Sugarcane,1268,1724,1496,Low
2024-11-11,Faisalabad,Cotton,2290,2714,2502,High
2024-11-11,Faisalabad,Vegetables,1855,2279,2067,Medium
2024-11-11,Karachi,Wheat,1070,1458,1264,High
2024-11-11,Karachi,Rice,1110,1727,1418,High
2024-11-11,Karachi,Maize,1360,1840,1600,Low
2024-11-11,Karachi,Sugarcane,1093,1489,1291,Medium
2024-11-11,Karachi,Cotton,1142,1488,1315,Low
2024-11-11,Karachi,Vegetables,1550,2328,1939,Medium
2024-11-11,Peshawar,Wheat,1851,2650,2250,High
2024-11-11,Peshawar,Rice,1697,1974,1835,Low
2024-11-11,Peshawar,Maize,2158,2556,2357,High
2024-11-11,Peshawar,Sugarcane,1230,1461,1345,High
2024-11-11,Peshawar,Cotton,1130,1712,1421,Low
2024-11-11,Peshawar,Vegetables,2059,2377,2218,Low
2024-11-11,Quetta,Wheat,2359,2860,2609,High
2024-11-11,Quetta,Rice,1807,2571,2189,Low
2024-11-11,Quetta,Maize,2471,3089,2780,Low
2024-11-11,Quetta,Sugarcane,1895,2343,2119,Medium
2024-11-11,Quetta,Cotton,2215,2624,2419,Low
2024-11-11,Quetta,Vegetables,1429,2016,1722,High
2024-11-18,Lahore,Wheat,1466,2160,1813,Low
2024-11-18,Lahore,Rice,1706,2404,2055,Medium
2024-11-18,Lahore,Maize,1510,2043,1776,Low
2024-11-18,Lahore,Sugarcane,1146,1883,1514,Medium
2024-11-18,Lahore,Cotton,1723,2379,2051,High
2024-11-18,Lahore,Vegetables,2023,2429,2226,High
2024-11-18,Multan,Wheat,1104,1351,1227,Low
2024-11-18,Multan,Rice,1836,2134,1985,High
2024-11-18,Multan,Maize,2466,3121,2793,Medium
2024-11-18,Multan,Sugarcane,2478,2791,2634,Low
2024-11-18,Multan,Cotton,2113,2885,2499,Medium
2024-11-18,Multan,Vegetables,1171,1658,1414,Medium
2024-11-18,Faisalabad,Wheat,1632,2010,1821,High
2024-11-18,Faisalabad,Rice,1306,2017,1661,Medium
2024-11-18,Faisalabad,Maize,1595,2030,1812,Medium
2024-11-18,Faisalabad,Sugarcane,1224,1906,1565,Medium
2024-11-18,Faisalabad,Cotton,1392,2173,1782,Medium
2024-11-18,Faisalabad,Vegetables,1649,2049,1849,High
2024-11-18,Karachi,Wheat,1839,2072,1955,High
2024-11-18,Karachi,Rice,2088,2470,2279,Medium
2024-11-18,Karachi,Maize,2172,2728,2450,Low
2024-11-18,Karachi,Sugarcane,1007,1640,1323,Low
2024-11-18,Karachi,Cotton,2183,2643,2413,Low
2024-11-18,Karachi,Vegetables,1591,2324,1957,High
2024-11-18,Peshawar,Wheat,1470,1721,1595,Medium
2024-11-18,Peshawar,Rice,1603,2330,1966,Medium
2024-11-18,Peshawar,Maize,1128,1890,1509,Medium
2024-11-18,Peshawar,Sugarcane,1343,1663,1503,High
2024-11-18,Peshawar,Cotton,1089,1479,1284,Low
2024-11-18,Peshawar,Vegetables,1540,2123,1831,Low
2024-11-18,Quetta,Wheat,1284,1828,1556,High
2024-11-18,Quetta,Rice,1339,1595,1467,Low
2024-11-18,Quetta,Maize,1453,2228,1840,Medium
2024-11-18,Quetta,Sugarcane,2381,3142,2761,Low
2024-11-18,Quetta,Cotton,1762,1973,1867,Medium
2024-11-18,Quetta,Vegetables,1403,1747,1575,Low
2024-11-25,Lahore,Wheat,2026,2514,2270,High
2024-11-25,Lahore,Rice,1240,1559,1399,Low
2024-11-25,Lahore,Maize,1956,2678,2317,Medium
2024-11-25,Lahore,Sugarcane,1002,1576,1289,Medium
2024-11-25,Lahore,Cotton,1984,2310,2147,Medium
2024-11-25,Lahore,Vegetables,1999,2795,2397,Medium
2024-11-25,Multan,Wheat,2301,2726,2513,High
2024-11-25,Multan,Rice,2398,2623,2510,Low
2024-11-25,Multan,Maize,2089,2309,2199,Medium
2024-11-25,Multan,Sugarcane,1009,1449,1229,Low
2024-11-25,Multan,Cotton,1660,2177,1918,Low
2024-11-25,Multan,Vegetables,1389,1796,1592,Low
2024-11-25,Faisalabad,Wheat,1535,1940,1737,Low
2024-11-25,Faisalabad,Rice,1833,2571,2202,High
2024-11-25,Faisalabad,Maize,1407,1934,1670,Medium
2024-11-25,Faisalabad,Sugarcane,1492,2233,1862,High
2024-11-25,Faisalabad,Cotton,2261,2997,2629,High
2024-11-25,Faisalabad,Vegetables,1811,2016,1913,High
2024-11-25,Karachi,Wheat,1713,2388,2050,Medium
2024-11-25,Karachi,Rice,1846,2426,2136,Low
2024-11-25,Karachi,Maize,1082,1614,1348,Medium
2024-11-25,Karachi,Sugarcane,1140,1910,1525,Low
2024-11-25,Karachi,Cotton,1267,1739,1503,Low
2024-11-25,Karachi,Vegetables,2315,2917,2616,High
2024-11-25,Peshawar,Wheat,1068,1732,1400,Medium
2024-11-25,Peshawar,Rice,2147,2380,2263,Medium
2024-11-25,Peshawar,Maize,1093,1861,1477,Low
2024-11-25,Peshawar,Sugarcane,1593,2259,1926,Medium
2024-11-25,Peshawar,Cotton,2282,3021,2651,Low
2024-11-25,Peshawar,Vegetables,2259,2831,2545,Low
2024-11-25,Quetta,Wheat,1008,1391,1199,Low
2024-11-25,Quetta,Rice,1193,1617,1405,Medium
2024-11-25,Quetta,Maize,1579,2264,1921,Low
2024-11-25,Quetta,Sugarcane,1332,1705,1518,Low
2024-11-25,Quetta,Cotton,1771,1996,1883,Low
2024-11-25,Quetta,Vegetables,1432,1703,1567,High
2024-12-02,Lahore,Wheat,2063,2399,2231,Low
2024-12-02,Lahore,Rice,1495,2037,1766,Medium
2024-12-02,Lahore,Maize,1904,2401,2152,Low
2024-12-02,Lahore,Sugarcane,2459,3211,2835,Low
2024-12-02,Lahore,Cotton,1513,2264,1888,Low
2024-12-02,Lahore,Vegetables,1582,2106,1844,High
2024-12-02,Multan,Wheat,2489,2988,2738,Medium
2024-12-02,Multan,Rice,1371,2041,1706,Low
2024-12-02,Multan,Maize,2180,2816,2498,Medium
2024-12-02,Multan,Sugarcane,2203,2563,2383,Medium
2024-12-02,Multan,Cotton,1698,2404,2051,High
2024-12-02,Multan,Vegetables,2228,2925,2576,Medium
2024-12-02,Faisalabad,Wheat,2103,2337,2220,Medium
2024-12-02,Faisalabad,Rice,1489,1857,1673,Low
2024-12-02,Faisalabad,Maize,1691,2061,1876,Low
2024-12-02,Faisalabad,Sugarcane,1517,1983,1750,High
2024-12-02,Faisalabad,Cotton,1324,1730,1527,High
2024-12-02,Faisalabad,Vegetables,1233,1874,1553,High
2024-12-02,Karachi,Wheat,2046,2535,2290,Medium
2024-12-02,Karachi,Rice,1466,2102,1784,Low
2024-12-02,Karachi,Maize,2465,2855,2660,Low
2024-12-02,Karachi,Sugarcane,1032,1313,1172,Medium
2024-12-02,Karachi,Cotton,2271,2846,2558,Low
2024-12-02,Karachi,Vegetables,2243,2755,2499,High
2024-12-02,Peshawar,Wheat,1119,1738,1428,Low
2024-12-02,Peshawar,Rice,1203,1430,1316,Low
2024-12-02,Peshawar,Maize,2385,2626,2505,High
2024-12-02,Peshawar,Sugarcane,2090,2671,2380,Low
2024-12-02,Peshawar,Cotton,1621,1892,1756,Medium
2024-12-02,Peshawar,Vegetables,1957,2625,2291,Low
2024-12-02,Quetta,Wheat,2158,2579,2368,Medium
2024-12-02,Quetta,Rice,2455,3049,2752,High
2024-12-02,Quetta,Maize,1785,2375,2080,Low
2024-12-02,Quetta,Sugarcane,1692,2002,1847,Medium
2024-12-02,Quetta,Cotton,1582,2297,1939,High
2024-12-02,Quetta,Vegetables,1410,1895,1652,Medium
2024-12-09,Lahore,Wheat,2102,2423,2262,Medium
2024-12-09,Lahore,Rice,1590,2201,1895,High
2024-12-09,Lahore,Maize,1745,2497,2121,High
2024-12-09,Lahore,Sugarcane,2301,2977,2639,Low
2024-12-09,Lahore,Cotton,1743,2000,1871,Medium
2024-12-09,Lahore,Vegetables,2099,2336,2217,Low
2024-12-09,Multan,Wheat,1191,1606,1398,High
2024-12-09,Multan,Rice,2456,2860,2658,Low
2024-12-09,Multan,Maize,1357,2029,1693,High
2024-12-09,Multan,Sugarcane,1988,2629,2308,High
2024-12-09,Multan,Cotton,2135,2397,2266,Low
2024-12-09,Multan,Vegetables,1801,2547,2174,Low
2024-12-09,Faisalabad,Wheat,2026,2613,2319,High
2024-12-09,Faisalabad,Rice,1058,1745,1401,Medium
2024-12-09,Faisalabad,Maize,1371,2047,1709,Low
2024-12-09,Faisalabad,Sugarcane,2056,2495,2275,Medium
2024-12-09,Faisalabad,Cotton,1211,1571,1391,High
2024-12-09,Faisalabad,Vegetables,2144,2644,2394,High
2024-12-09,Karachi,Wheat,1204,1992,1598,Low
2024-12-09,Karachi,Rice,2125,2537,2331,Medium
2024-12-09,Karachi,Maize,2072,2390,2231,Medium
2024-12-09,Karachi,Sugarcane,2373,3083,2728,Low
2024-12-09,Karachi,Cotton,1533,2035,1784,Medium
2024-12-09,Karachi,Vegetables,2029,2288,2158,Medium
2024-12-09,Peshawar,Wheat,2061,2503,2282,Medium
2024-12-09,Peshawar,Rice,1286,1506,1396,Medium
2024-12-09,Peshawar,Maize,1741,2496,2118,High
2024-12-09,Peshawar,Sugarcane,1459,1800,1629,Medium
2024-12-09,Peshawar,Cotton,1319,1696,1507,High
2024-12-09,Peshawar,Vegetables,1120,1829,1474,High
2024-12-09,Quetta,Wheat,1611,2274,1942,Low
2024-12-09,Quetta,Rice,1563,2144,1853,Medium
2024-12-09,Quetta,Maize,2178,2904,2541,Low
2024-12-09,Quetta,Sugarcane,2013,2546,2279,Low
2024-12-09,Quetta,Cotton,1257,1798,1527,Low
2024-12-09,Quetta,Vegetables,1028,1282,1155,High
2024-12-16,Lahore,Wheat,2168,2844,2506,High
2024-12-16,Lahore,Rice,1623,2358,1990,Medium
2024-12-16,Lahore,Maize,2028,2749,2388,High
2024-12-16,Lahore,Sugarcane,2359,2837,2598,Low
2024-12-16,Lahore,Cotton,2446,3133,2789,Low
2024-12-16,Lahore,Vegetables,1753,2097,1925,High
2024-12-16,Multan,Wheat,1986,2754,2370,High
2024-12-16,Multan,Rice,1392,1627,1509,Low
2024-12-16,Multan,Maize,1151,1635,1393,Medium
2024-12-16,Multan,Sugarcane,1343,1972,1657,Low
2024-12-16,Multan,Cotton,2164,2670,2417,Medium
2024-12-16,Multan,Vegetables,1790,2018,1904,Low
2024-12-16,Faisalabad,Wheat,1395,2098,1746,Low
2024-12-16,Faisalabad,Rice,1187,1549,1368,Low
2024-12-16,Faisalabad,Maize,1394,1659,1526,Medium
2024-12-16,Faisalabad,Sugarcane,1289,1491,1390,Medium
2024-12-16,Faisalabad,Cotton,1084,1515,1299,High
2024-12-16,Faisalabad,Vegetables,1626,2401,2013,Medium
2024-12-16,Karachi,Wheat,2254,2808,2531,Low
2024-12-16,Karachi,Rice,1308,1561,1434,High
2024-12-16,Karachi,Maize,2166,2699,2432,Low
2024-12-16,Karachi,Sugarcane,1512,1871,1691,Low
2024-12-16,Karachi,Cotton,2432,3004,2718,Low
2024-12-16,Karachi,Vegetables,1404,1902,1653,Low
2024-12-16,Peshawar,Wheat,1794,2021,1907,Low
2024-12-16,Peshawar,Rice,1402,1824,1613,Medium
2024-12-16,Peshawar,Maize,1578,2237,1907,Low
2024-12-16,Peshawar,Sugarcane,2348,2654,2501,High
2024-12-16,Peshawar,Cotton,1049,1540,1294,Medium
2024-12-16,Peshawar,Vegetables,1116,1700,1408,Medium
2024-12-16,Quetta,Wheat,1678,1911,1794,Medium
2024-12-16,Quetta,Rice,1810,2411,2110,Low
2024-12-16,Quetta,Maize,2092,2537,2314,High
2024-12-16,Quetta,Sugarcane,1334,1717,1525,Medium
2024-12-16,Quetta,Cotton,1785,2298,2041,Low
2024-12-16,Quetta,Vegetables,2237,2556,2396,Low
2024-12-23,Lahore,Wheat,1827,2331,2079,Low
2024-12-23,Lahore,Rice,1408,1970,1689,Low
2024-12-23,Lahore,Maize,2336,2814,2575,Low
2024-12-23,Lahore,Sugarcane,2021,2340,2180,Medium
2024-12-23,Lahore,Cotton,2165,2646,2405,High
2024-12-23,Lahore,Vegetables,1646,2051,1848,Medium
2024-12-23,Multan,Wheat,2275,2957,2616,High
2024-12-23,Multan,Rice,1218,1466,1342,Medium
2024-12-23,Multan,Maize,1332,2127,1729,High
2024-12-23,Multan,Sugarcane,1848,2445,2146,Medium
2024-12-23,Multan,Cotton,1942,2554,2248,Low
2024-12-23,Multan,Vegetables,1195,1846,1520,Medium
2024-12-23,Faisalabad,Wheat,1834,2347,2090,High
2024-12-23,Faisalabad,Rice,1807,2186,1996,Medium
2024-12-23,Faisalabad,Maize,2373,2870,2621,High
2024-12-23,Faisalabad,Sugarcane,1325,1734,1529,Medium
2024-12-23,Faisalabad,Cotton,2223,2513,2368,High
2024-12-23,Faisalabad,Vegetables,1453,1885,1669,Medium
2024-12-23,Karachi,Wheat,2209,2737,2473,High
2024-12-23,Karachi,Rice,1838,2401,2119,Low
2024-12-23,Karachi,Maize,1025,1354,1189,Medium
2024-12-23,Karachi,Sugarcane,2036,2707,2371,Low
2024-12-23,Karachi,Cotton,2080,2355,2217,Medium
2024-12-23,Karachi,Vegetables,1029,1339,1184,Low
2024-12-23,Peshawar,Wheat,1966,2757,2361,Low
2024-12-23,Peshawar,Rice,1398,1917,1657,Low
2024-12-23,Peshawar,Maize,1558,2097,1827,High
2024-12-23,Peshawar,Sugarcane,1167,1574,1370,Medium
2024-12-23,Peshawar,Cotton,2299,2679,2489,Low
2024-12-23,Peshawar,Vegetables,1605,2117,1861,High
2024-12-23,Quetta,Wheat,1638,2132,1885,Medium
2024-12-23,Quetta,Rice,1791,2243,2017,Low
2024-12-23,Quetta,Maize,2330,2626,2478,Low
2024-12-23,Quetta,Sugarcane,1755,2469,2112,Medium
2024-12-23,Quetta,Cotton,1100,1413,1256,Low
2024-12-23,Quetta,Vegetables,2306,2976,2641,Low
